Title,Type,Timestamp,Account Currency,Total Amount in Account Currency,Buy / Sell,Ticker,ISIN,Price per Share in Account Currency,Stamp Duty,Quantity,Venue,Order ID,Order Type,Instrument Currency,Total Amount in Instrument Currency,Price per Share,FX Rate,Base FX Rate,FX Fee (BPS),FX Fee Amount,Dividend Ex Date,Dividend Pay Date,Dividend Eligible Quantity,Dividend Amount Per Share,Dividend Gross Distribution Amount,Dividend Net Distribution Amount,Dividend Withheld Tax Percentage,Dividend Withheld Tax Amount,Stock Split Ex Date,Stock Split Pay Date,Stock Split New ISIN,Stock Split Rate of Share Outturn From,Stock Split Rate of Share Outturn To,Stock Split Maintain Holding of Initial ISIN,Stock Split New Share Quantity,Stock Split Rate of Cash Outturn Amount,Stock Split Rate of Cash Outturn Currency,Stock Split Cash Outturn Received Amount,Stock Split Has Fractional Payout,Stock Split Rate of Fractional Payout Amount,Stock Split Rate of Fractional Payout Currency,Stock Split Fractional Payout Cash Received Amount,Stock Split Fractional Payout Cash Received Currency
Figma,ORDER,2026-05-15T13:45:41.754Z,GBP,824.19,SELL,FIG,US3168411052,16.58160000,0.00,50.00000000,NASDAQ - All Markets,OC1C3R8YIS6T,MARKET,USD,1106.14,22.12280000,1.34204330,1.33417169,59,4.89,,,,,,,,,,,,,,,,,,,,,,,
Cerebras Systems,ORDER,2026-05-14T17:42:56.661Z,GBP,494.33,BUY,CBRS,US15675D1037,245.71500000,0.00,2.00000000,G1 Execution Services,339ABW9OS97A,MARKET,USD,659.40,329.69990000,1.33387544,1.34179201,59,2.90,,,,,,,,,,,,,,,,,,,,,,,
Figma,ORDER,2026-05-14T17:40:07.780Z,GBP,749.51,BUY,FIG,US3168411052,14.90220000,0.00,50.00000000,NASDAQ - All Markets,CXLUUGCTKM6Q,MARKET,USD,999.93,19.99860000,1.33407426,1.34199201,59,4.40,,,,,,,,,,,,,,,,,,,,,,,
Apple,DIVIDEND,2026-05-14T14:50:00.000Z,GBP,14.78,,AAPL,US0378331005,,,86.99994805,,,,USD,,,,0.74049939,0,0.00,2026-05-11,2026-05-14,86.99994805,0.27000000,23.49,19.97,15,3.52,,,,,,,,,,,,,,,
Lloyds,ORDER,2026-05-13T08:31:06.093Z,GBP,74.76,BUY,LLOY,GB0008706128,0.95371795,0.37,78.00000000,London Stock Exchange,X7KGJKCD6ER7,BASIC,GBP,74.39,0.95371795,,,0,,,,,,,,,,,,,,,,,,,,,,,,
HSBC,ORDER,2026-05-13T08:31:04.202Z,GBP,66.92,BUY,HSBA,GB0005405286,13.31800000,0.33,5.00000000,London Stock Exchange,LJJJ3XSD38G8,BASIC,GBP,66.59,13.31800000,,,0,,,,,,,,,,,,,,,,,,,,,,,,
Softbank ADR,ORDER,2026-05-12T13:56:56.642Z,GBP,351.11,BUY,SFTBY,US83404D1090,13.96200000,0.00,25.00000000,Other OTC,WXAEUVFTUWDG,MARKET,USD,471.50,18.86000000,1.34282064,1.35079030,59,2.06,,,,,,,,,,,,,,,,,,,,,,,
QuantumScape,ORDER,2026-05-06T14:11:34.032Z,GBP,166.29,BUY,QS,US74767V1098,5.51033333,0.00,30.00000000,"Jane Street Capital, LLC",SXGJ0HZR8AWE,MARKET,USD,224.85,7.49500000,1.35216707,1.36019220,59,0.98,,,,,,,,,,,,,,,,,,,,,,,
Qualcomm,ORDER,2026-05-05T19:38:28.949Z,GBP,8500.00,SELL,QCOM,US7475251036,138.05220093,0.00,61.93635409,Multiple,1DT7KYFNNK05,LIMIT_TRIGGERED,USD,11583.42,187.02130000,1.36270742,1.35471460,59,50.45,,,,,,,,,,,,,,,,,,,,,,,
Lloyds,ORDER,2026-05-05T14:12:44.433Z,GBP,249.24,BUY,LLOY,GB0008706128,0.94296578,1.24,263.00000000,London Stock Exchange,YY2VY9MC1ROZ,MARKET,GBP,248.00,0.94296578,,,0,,,,,,,,,,,,,,,,,,,,,,,,
HSBC,ORDER,2026-05-05T13:28:23.169Z,GBP,191.97,BUY,HSBA,GB0005405286,12.73400000,0.96,15.00000000,London Stock Exchange,HEV378J158TB,LIMIT,GBP,191.01,12.73400000,,,0,,,,,,,,,,,,,,,,,,,,,,,,
April Statement,MONTHLY_STATEMENT,2026-05-01T00:00:00.000Z,,,,,,,,,,,,,,,,,,,,,,,,,,,,,,,,,,,,,,,,,
Marvell Technology,ORDER,2026-04-30T18:50:27.183Z,GBP,477.40,SELL,MRVL,US5738741041,120.05750000,0.00,4.00000000,NASDAQ - All Markets,7QVUQGRUS6S2,MARKET,USD,653.43,163.35850000,1.36867884,1.36065100,59,2.83,,,,,,,,,,,,,,,,,,,,,,,
Marvell Technology,DIVIDEND,2026-04-30T10:47:00.000Z,GBP,0.14,,MRVL,US5738741041,,,4.00000000,,,,USD,,,,0.73974346,0,0.00,2026-04-10,2026-04-30,4.00000000,0.06000000,0.24,0.20,15,0.04,,,,,,,,,,,,,,,
Berkshire Hathaway,ORDER,2026-04-29T19:41:43.526Z,GBP,702.72,SELL,BRK.B,US0846707026,353.44500000,0.00,2.00000000,NASDAQ - All Markets,DH9UPX92MLM9,MARKET,USD,952.36,476.17990000,1.35520281,1.34725401,59,4.17,,,,,,,,,,,,,,,,,,,,,,,
Oracle,DIVIDEND,2026-04-24T16:46:00.000Z,GBP,0.93,,ORCL,US68389X1054,,,3.00000000,,,,USD,,,,0.73971063,0,0.00,2026-04-09,2026-04-24,3.00000000,0.50000000,1.50,1.27,15,0.23,,,,,,,,,,,,,,,
HSBC,ORDER,2026-04-24T07:00:16.461Z,GBP,360.51,BUY,HSBA,GB0005405286,13.28592593,1.79,27.00000000,London Stock Exchange,PWFBJMJJEXZJ,LIMIT,GBP,358.72,13.28592593,,,0,,,,,,,,,,,,,,,,,,,,,,,,
BigBear.ai,ORDER,2026-04-23T17:13:00.321Z,GBP,143.77,BUY,BBAI,US08975B1098,2.74865385,0.00,52.00000000,"Jane Street Capital, LLC",R8843M607SVP,LIMIT,USD,192.40,3.70000000,1.33820174,1.34614399,59,0.84,,,,,,,,,,,,,,,,,,,,,,,
Lumen Technologies,ORDER,2026-04-23T13:49:18.552Z,GBP,282.06,SELL,LUMN,US5502411037,6.92024390,0.00,41.00000000,NASDAQ - All Markets,L4S7TQ7BWUD7,MARKET,USD,383.00,9.34140000,1.35783232,1.34986810,59,1.67,,,,,,,,,,,,,,,,,,,,,,,
Rolls-Royce,ORDER,2026-04-23T08:02:34.094Z,GBP,170.34,BUY,RR.,GB00B63H8491,11.29933333,0.85,15.00000000,London Stock Exchange,FAEXTGHMIORC,LIMIT,GBP,169.49,11.29933333,,,0,,,,,,,,,,,,,,,,,,,,,,,,
Firefly Aerospace,ORDER,2026-04-22T14:14:01.814Z,GBP,256.58,SELL,FLY,US31816X1063,32.26250000,0.00,8.00000000,NASDAQ - All Markets,TXMMEB7NZFR5,MARKET,USD,348.92,43.61560000,1.35986827,1.35189211,59,1.52,,,,,,,,,,,,,,,,,,,,,,,
Interest,INTEREST_FROM_CASH,2026-04-17T00:00:00.000Z,GBP,0.56,,,,,,,,,,,,,,,,,,,,,,,,,,,,,,,,,,,,,,,
Seagate,DIVIDEND,2026-04-08T14:09:00.000Z,GBP,0.54,,STX,IE00BKVD2N49,,,1.00000000,,,,USD,,,,0.74295309,0,0.00,2026-03-25,2026-04-08,1.00000000,0.74000000,0.74,0.74,0,0.00,,,,,,,,,,,,,,,
Novo Nordisk ADR,DIVIDEND,2026-04-08T10:10:00.000Z,GBP,17.59,,NVO,US6701002056,,,27.00000000,,,,USD,,,,0.74597917,0,0.00,2026-03-30,2026-04-08,27.00000000,1.19682878,32.31,23.59,27,8.72,,,,,,,,,,,,,,,
S&P 500 Dis,DIVIDEND,2026-04-01T17:19:00.000Z,GBP,5.19,,VUSA,IE00B3XXRP09,,,21.00000000,,,,USD,,,,0.75016504,0,0.00,2026-03-19,2026-04-01,21.00000000,0.32958300,6.92,6.92,0,0.00,,,,,,,,,,,,,,,
FTSE All World Dis,DIVIDEND,2026-04-01T16:35:00.000Z,GBP,1.71,,VWRL,IE00B3RBWM25,,,5.00000000,,,,USD,,,,0.75016504,0,0.00,2026-03-19,2026-04-01,5.00000000,0.45762500,2.29,2.29,0,0.00,,,,,,,,,,,,,,,
Nvidia,DIVIDEND,2026-04-01T15:05:00.000Z,GBP,0.33,,NVDA,US67066G1040,,,52.00000000,,,,USD,,,,0.75101011,0,0.00,2026-03-11,2026-04-01,52.00000000,0.01000000,0.52,0.44,15,0.08,,,,,,,,,,,,,,,
March Statement,MONTHLY_STATEMENT,2026-04-01T00:00:00.000Z,,,,,,,,,,,,,,,,,,,,,,,,,,,,,,,,,,,,,,,,,
Vale ADR,ORDER,2026-03-31T18:21:18.612Z,GBP,4668.92,SELL,VALE,US91912E1055,11.98119898,0.00,392.00000000,NASDAQ - All Markets,GB2L2GSS5U1D,MARKET,USD,6221.59,15.87140000,1.33250668,1.32469100,59,27.71,,,,,,,,,,,,,,,,,,,,,,,
Qualcomm,DIVIDEND,2026-03-26T15:04:00.000Z,GBP,35.08,,QCOM,US7475251036,,,61.93635409,,,,USD,,,,0.74877762,0,0.00,2026-03-05,2026-03-26,61.93635409,0.89000000,55.12,46.85,15,8.27,,,,,,,,,,,,,,,
NASDAQ 100 Dis,DIVIDEND,2026-03-19T18:13:00.000Z,GBP,0.55,,EQQQ,IE0032077012,,,2.00000000,,,,USD,,,,0.74594022,0,0.00,2026-03-12,2026-03-19,2.00000000,0.37090000,0.74,0.74,0,0.00,,,,,,,,,,,,,,,
Interest,INTEREST_FROM_CASH,2026-03-16T00:00:00.000Z,GBP,0.85,,,,,,,,,,,,,,,,,,,,,,,,,,,,,,,,,,,,,,,
Honeywell,DIVIDEND,2026-03-13T13:03:00.000Z,GBP,3.81,,HON,US4385161066,,,5.00000000,,,,USD,,,,0.75339782,0,0.00,2026-02-27,2026-03-13,5.00000000,1.19000000,5.95,5.06,15,0.89,,,,,,,,,,,,,,,
Microsoft,DIVIDEND,2026-03-12T17:58:00.000Z,GBP,5.21,,MSFT,US5949181045,,,9.00000000,,,,USD,,,,0.74868232,0,0.00,2026-02-19,2026-03-12,9.00000000,0.91000000,8.19,6.96,15,1.23,,,,,,,,,,,,,,,
Vale ADR,DIVIDEND,2026-03-11T16:03:00.000Z,GBP,41.53,,VALE,US91912E1055,,,392.00000000,,,,USD,,,,0.74617956,0,0.00,2025-12-12,2026-03-11,392.00000000,0.14199974,55.66,55.66,0,0.00,,,,,,,,,,,,,,,
Vale ADR,SPECIAL_DIVIDEND,2026-03-11T16:02:00.000Z,GBP,73.21,,VALE,US91912E1055,,,392.00000000,,,,USD,,,,0.74618513,0,0.00,2025-12-12,2026-03-11,392.00000000,0.29447940,115.44,98.12,15,17.32,,,,,,,,,,,,,,,
Solstice,DIVIDEND,2026-03-10T10:58:00.000Z,GBP,0.06,,SOLS,US83443Q1031,,,1.25000000,,,,USD,,,,0.74363818,0,0.00,2026-02-24,2026-03-10,1.25000000,0.07500000,0.09,0.08,15,0.01,,,,,,,,,,,,,,,
Novo Nordisk ADR,ORDER,2026-03-03T16:54:11.517Z,GBP,164.94,BUY,NVO,US6701002056,27.32833333,0.00,6.00000000,G1 Execution Services,P1ZT2A6YAOZO,MARKET,USD,218.46,36.40990000,1.32446725,1.33232799,59,0.97,,,,,,,,,,,,,,,,,,,,,,,
February Statement,MONTHLY_STATEMENT,2026-03-01T00:00:00.000Z,,,,,,,,,,,,,,,,,,,,,,,,,,,,,,,,,,,,,,,,,
Seagate,ORDER,2026-02-17T18:54:20.817Z,GBP,312.62,BUY,STX,IE00BKVD2N49,310.79000000,0.00,1.00000000,NASDAQ - All Markets,SPQ2GH920MA6,MARKET,USD,421.35,421.34580000,1.34775019,1.35574911,59,1.83,,,,,,,,,,,,,,,,,,,,,,,
Interest,INTEREST_FROM_CASH,2026-02-16T00:00:00.000Z,GBP,1.14,,,,,,,,,,,,,,,,,,,,,,,,,,,,,,,,,,,,,,,
Apple,DIVIDEND,2026-02-12T18:39:00.000Z,GBP,14.11,,AAPL,US0378331005,,,86.99994805,,,,USD,,,,0.73412815,0,0.00,2026-02-09,2026-02-12,86.99994805,0.26000000,22.62,19.23,15,3.39,,,,,,,,,,,,,,,
January Statement,MONTHLY_STATEMENT,2026-02-01T00:00:00.000Z,,,,,,,,,,,,,,,,,,,,,,,,,,,,,,,,,,,,,,,,,
Marvell Technology,DIVIDEND,2026-01-29T11:42:00.000Z,GBP,0.14,,MRVL,US5738741041,,,4.00000000,,,,USD,,,,0.72493711,0,0.00,2026-01-09,2026-01-29,4.00000000,0.06000000,0.24,0.20,15,0.04,,,,,,,,,,,,,,,
Oracle,DIVIDEND,2026-01-23T13:36:00.000Z,GBP,0.93,,ORCL,US68389X1054,,,3.00000000,,,,USD,,,,0.73874340,0,0.00,2026-01-09,2026-01-23,3.00000000,0.50000000,1.50,1.27,15,0.23,,,,,,,,,,,,,,,
Interest,INTEREST_FROM_CASH,2026-01-15T00:00:00.000Z,GBP,1.19,,,,,,,,,,,,,,,,,,,,,,,,,,,,,,,,,,,,,,,
Vale ADR,DIVIDEND,2026-01-14T11:58:00.000Z,GBP,65.70,,VALE,US91912E1055,,,392.00000000,,,,USD,,,,0.74347784,0,0.00,2025-12-12,2026-01-14,392.00000000,0.22544100,88.37,88.37,0,0.00,,,,,,,,,,,,,,,
December Statement,MONTHLY_STATEMENT,2026-01-01T00:00:00.000Z,,,,,,,,,,,,,,,,,,,,,,,,,,,,,,,,,,,,,,,,,
S&P 500 Dis,DIVIDEND,2025-12-31T21:22:00.000Z,GBP,4.66,,VUSA,IE00B3XXRP09,,,21.00000000,,,,USD,,,,0.74309111,0,0.00,2025-12-18,2025-12-31,21.00000000,0.29908600,6.28,6.28,0,0.00,,,,,,,,,,,,,,,
FTSE All World Dis,DIVIDEND,2025-12-31T19:11:00.000Z,GBP,2.02,,VWRL,IE00B3RBWM25,,,5.00000000,,,,USD,,,,0.74366583,0,0.00,2025-12-18,2025-12-31,5.00000000,0.54591800,2.73,2.73,0,0.00,,,,,,,,,,,,,,,
Nvidia,DIVIDEND,2025-12-26T13:42:00.000Z,GBP,0.32,,NVDA,US67066G1040,,,52.00000000,,,,USD,,,,0.74024724,0,0.00,2025-12-04,2025-12-26,52.00000000,0.01000000,0.52,0.44,15,0.08,,,,,,,,,,,,,,,
NASDAQ 100 Dis,DIVIDEND,2025-12-18T17:00:00.000Z,GBP,0.61,,EQQQ,IE0032077012,,,2.00000000,,,,USD,,,,0.74645248,0,0.00,2025-12-11,2025-12-18,2.00000000,0.41500000,0.83,0.83,0,0.00,,,,,,,,,,,,,,,
Qualcomm,DIVIDEND,2025-12-18T12:55:00.000Z,GBP,34.99,,QCOM,US7475251036,,,61.93635409,,,,USD,,,,0.74701009,0,0.00,2025-12-04,2025-12-18,61.93635409,0.89000000,55.12,46.85,15,8.27,,,,,,,,,,,,,,,
Interest,INTEREST_FROM_CASH,2025-12-15T00:00:00.000Z,GBP,1.08,,,,,,,,,,,,,,,,,,,,,,,,,,,,,,,,,,,,,,,
Microsoft,DIVIDEND,2025-12-11T13:43:00.000Z,GBP,5.19,,MSFT,US5949181045,,,9.00000000,,,,USD,,,,0.74686503,0,0.00,2025-11-20,2025-12-11,9.00000000,0.91000000,8.19,6.96,15,1.23,,,,,,,,,,,,,,,
Honeywell,DIVIDEND,2025-12-05T11:58:00.000Z,GBP,3.79,,HON,US4385161066,,,5.00000000,,,,USD,,,,0.74950158,0,0.00,2025-11-14,2025-12-05,5.00000000,1.19000000,5.95,5.06,15,0.89,,,,,,,,,,,,,,,
November Statement,MONTHLY_STATEMENT,2025-12-01T00:00:00.000Z,,,,,,,,,,,,,,,,,,,,,,,,,,,,,,,,,,,,,,,,,
Interest,INTEREST_FROM_CASH,2025-11-15T00:00:00.000Z,GBP,3.53,,,,,,,,,,,,,,,,,,,,,,,,,,,,,,,,,,,,,,,
Apple,DIVIDEND,2025-11-13T13:23:00.000Z,GBP,14.61,,AAPL,US0378331005,,,86.99994805,,,,USD,,,,0.75982646,0,0.00,2025-11-10,2025-11-13,86.99994805,0.26000000,22.62,19.23,15,3.39,,,,,,,,,,,,,,,
October Statement,MONTHLY_STATEMENT,2025-11-01T00:00:00.000Z,,,,,,,,,,,,,,,,,,,,,,,,,,,,,,,,,,,,,,,,,
Lloyds,ORDER,2025-10-31T15:21:47.747Z,GBP,199.73,BUY,LLOY,GB0008706128,0.89121076,0.99,223.00000000,London Stock Exchange,QE8UIF9Z80ZD,MARKET,GBP,198.74,0.89121076,,,0,,,,,,,,,,,,,,,,,,,,,,,,
Lumen Technologies,ORDER,2025-10-31T13:32:15.998Z,GBP,267.51,BUY,LUMN,US5502411037,6.48634146,0.00,41.00000000,NOT_YET_KNOWN,5F9BQVT6UHOX,LIMIT,USD,348.50,8.50000000,1.30271308,1.31044470,59,1.57,,,,,,,,,,,,,,,,,,,,,,,
Marvell Technology,DIVIDEND,2025-10-30T11:45:00.000Z,GBP,0.15,,MRVL,US5738741041,,,4.00000000,,,,USD,,,,0.75833984,0,0.00,2025-10-10,2025-10-30,4.00000000,0.06000000,0.24,0.20,15,0.04,,,,,,,,,,,,,,,
Firefly Aerospace,ORDER,2025-10-27T15:05:44.488Z,GBP,122.06,BUY,FLY,US31816X1063,20.22333333,0.00,6.00000000,NASDAQ - All Markets,H38UYVFMLNV3,MARKET,USD,161.65,26.94170000,1.32432193,1.33218180,59,0.72,,,,,,,,,,,,,,,,,,,,,,,
Physical Gold,ORDER,2025-10-23T14:15:14.923Z,GBP,902.85,BUY,SGLD,IE00B579F325,299.18333333,0.00,3.00000000,London Stock Exchange,AMBC8OBMVAKN,LIMIT,USD,1196.04,398.68000000,1.32469790,1.33256000,59,5.30,,,,,,,,,,,,,,,,,,,,,,,
AMD,ORDER,2025-10-23T14:12:58.237Z,GBP,1218.30,SELL,AMD,US0079031078,175.07571429,0.00,7.00000000,NASDAQ - All Markets,4XLETQ96HAOK,MARKET,USD,1634.01,233.42950000,1.34117351,1.33330700,59,7.23,,,,,,,,,,,,,,,,,,,,,,,
Oracle,ORDER,2025-10-17T13:31:47.296Z,GBP,670.27,BUY,ORCL,US68389X1054,222.11333333,0.00,3.00000000,NOT_YET_KNOWN,AP4AHU2GT11L,LIMIT,USD,894.00,298.00000000,1.33374222,1.34165800,59,3.93,,,,,,,,,,,,,,,,,,,,,,,
Qualcomm,ORDER,2025-10-15T16:51:46.508Z,GBP,486.21,BUY,QCOM,US7475251036,120.84000000,0.00,4.00000000,NASDAQ - All Markets,WIDFKTSMM03V,MARKET,USD,647.15,161.78690000,1.33096043,1.33885970,59,2.85,,,,,,,,,,,,,,,,,,,,,,,
Lloyds,ORDER,2025-10-15T14:17:37.558Z,GBP,499.62,BUY,LLOY,GB0008706128,0.84979487,2.49,585.00000000,London Stock Exchange,P7HGXXX0982M,MARKET,GBP,497.13,0.84979487,,,0,,,,,,,,,,,,,,,,,,,,,,,,
Astera Labs,ORDER,2025-10-15T14:14:46.937Z,GBP,251.00,BUY,ALAB,US04626A1034,124.76500000,0.00,2.00000000,NASDAQ - All Markets,5DFZ28DK2SAB,MARKET,USD,333.38,166.68830000,1.32812804,1.33601050,59,1.47,,,,,,,,,,,,,,,,,,,,,,,
Interest,INTEREST_FROM_CASH,2025-10-15T00:00:00.000Z,GBP,4.93,,,,,,,,,,,,,,,,,,,,,,,,,,,,,,,,,,,,,,,
Nvidia,DIVIDEND,2025-10-02T19:46:00.000Z,GBP,0.32,,NVDA,US67066G1040,,,52.00000000,,,,USD,,,,0.74223070,0,0.00,2025-09-11,2025-10-02,52.00000000,0.01000000,0.52,0.44,15,0.08,,,,,,,,,,,,,,,
S&P 500 Dis,DIVIDEND,2025-10-01T19:49:00.000Z,GBP,4.69,,VUSA,IE00B3XXRP09,,,21.00000000,,,,USD,,,,0.74195535,0,0.00,2025-09-18,2025-10-01,21.00000000,0.30117500,6.32,6.32,0,0.00,,,,,,,,,,,,,,,
FTSE All World Dis,DIVIDEND,2025-10-01T18:19:00.000Z,GBP,1.56,,VWRL,IE00B3RBWM25,,,5.00000000,,,,USD,,,,0.74183426,0,0.00,2025-09-18,2025-10-01,5.00000000,0.42274500,2.11,2.11,0,0.00,,,,,,,,,,,,,,,
September Statement,MONTHLY_STATEMENT,2025-10-01T00:00:00.000Z,,,,,,,,,,,,,,,,,,,,,,,,,,,,,,,,,,,,,,,,,
QuantumScape,ORDER,2025-09-30T17:46:11.941Z,GBP,454.82,BUY,QS,US74767V1098,9.04300000,0.00,50.00000000,NASDAQ - All Markets,QK2P9MEB2SZ9,MARKET,USD,608.44,12.16880000,1.33773154,1.34567100,59,2.67,,,,,,,,,,,,,,,,,,,,,,,
Vale ADR,ORDER,2025-09-29T16:44:10.667Z,GBP,203.00,BUY,VALE,US91912E1055,8.07240000,0.00,25.00000000,NASDAQ - All Markets,BT43ZUAQDVRH,MARKET,USD,270.97,10.83880000,1.33479496,1.34271699,59,1.19,,,,,,,,,,,,,,,,,,,,,,,
Qualcomm,DIVIDEND,2025-09-25T11:29:00.000Z,GBP,32.62,,QCOM,US7475251036,,,57.93635409,,,,USD,,,,0.74429683,0,0.00,2025-09-04,2025-09-25,57.93635409,0.89000000,51.56,43.83,15,7.73,,,,,,,,,,,,,,,
Rolls-Royce,DIVIDEND,2025-09-18T17:10:00.000Z,GBP,2.07,,RR.,GB00B63H8491,,,46.00000000,,,,GBP,,,,,,,2025-08-07,2025-09-18,46.00000000,0.04500000,,,0,0.00,,,,,,,,,,,,,,,
NASDAQ 100 Dis,DIVIDEND,2025-09-18T16:29:00.000Z,GBP,0.62,,EQQQ,IE0032077012,,,2.00000000,,,,USD,,,,0.73849790,0,0.00,2025-09-11,2025-09-18,2.00000000,0.42140000,0.84,0.84,0,0.00,,,,,,,,,,,,,,,
Interest,INTEREST_FROM_CASH,2025-09-15T00:00:00.000Z,GBP,5.10,,,,,,,,,,,,,,,,,,,,,,,,,,,,,,,,,,,,,,,
Microsoft,DIVIDEND,2025-09-11T13:06:00.000Z,GBP,4.69,,MSFT,US5949181045,,,9.00000000,,,,USD,,,,0.73895630,0,0.00,2025-08-21,2025-09-11,9.00000000,0.83000000,7.47,6.35,15,1.12,,,,,,,,,,,,,,,
Vale ADR,SPECIAL_DIVIDEND,2025-09-10T14:11:00.000Z,GBP,78.56,,VALE,US91912E1055,,,367.00000000,,,,USD,,,,0.73734350,0,0.00,2025-08-13,2025-09-10,367.00000000,0.34157523,125.36,106.55,15,18.80,,,,,,,,,,,,,,,
Lloyds,DIVIDEND,2025-09-09T17:04:00.000Z,GBP,85.77,,LLOY,GB0008706128,,,7031.00000000,,,,GBP,,,,,,,2025-07-31,2025-09-09,7031.00000000,0.01220000,,,0,0.00,,,,,,,,,,,,,,,
Honeywell,DIVIDEND,2025-09-05T11:01:00.000Z,GBP,3.56,,HON,US4385161066,,,5.00000000,,,,USD,,,,0.74181775,0,0.00,2025-08-15,2025-09-05,5.00000000,1.13000000,5.65,4.80,15,0.85,,,,,,,,,,,,,,,
August Statement,MONTHLY_STATEMENT,2025-09-01T00:00:00.000Z,,,,,,,,,,,,,,,,,,,,,,,,,,,,,,,,,,,,,,,,,
Novo Nordisk ADR,DIVIDEND,2025-08-26T11:47:00.000Z,GBP,6.40,,NVO,US6701002056,,,21.00000000,,,,USD,,,,0.74131183,0,0.00,2025-08-18,2025-08-26,21.00000000,0.56377263,11.84,8.64,27,3.20,,,,,,,,,,,,,,,
Interest,INTEREST_FROM_CASH,2025-08-15T00:00:00.000Z,GBP,5.10,,,,,,,,,,,,,,,,,,,,,,,,,,,,,,,,,,,,,,,
Apple,DIVIDEND,2025-08-14T11:03:00.000Z,GBP,14.18,,AAPL,US0378331005,,,86.99994805,,,,USD,,,,0.73750664,0,0.00,2025-08-11,2025-08-14,86.99994805,0.26000000,22.62,19.23,15,3.39,,,,,,,,,,,,,,,
Firefly Aerospace,ORDER,2025-08-08T16:25:04.826Z,GBP,74.84,BUY,FLY,US31816X1063,37.20000000,0.00,2.00000000,NOT_YET_KNOWN,PKOUQL4MK6EK,LIMIT,USD,100.00,50.00000000,1.33624238,1.34417300,59,0.44,,,,,,,,,,,,,,,,,,,,,,,
Carlsmed,ORDER,2025-08-01T18:19:52.501Z,GBP,259.44,BUY,CARL,US14280C1053,10.31680000,0.00,25.00000000,NASDAQ - All Markets,JV1PKO61W6L9,MARKET,USD,341.13,13.64520000,1.31482152,1.32262501,59,1.52,,,,,,,,,,,,,,,,,,,,,,,
July Statement,MONTHLY_STATEMENT,2025-08-01T00:00:00.000Z,,,,,,,,,,,,,,,,,,,,,,,,,,,,,,,,,,,,,,,,,
Qualcomm,ORDER,2025-07-31T19:59:21.815Z,GBP,558.72,BUY,QCOM,US7475251036,111.08800000,0.00,5.00000000,Citadel Securities,DSWUB5CM56VL,MARKET,USD,733.49,146.69880000,1.31275477,1.32054599,59,3.28,,,,,,,,,,,,,,,,,,,,,,,
Costco,ORDER,2025-07-31T19:58:21.595Z,GBP,1472.66,SELL,COST,US22160K1051,710.96817817,0.00,2.08363756,Multiple,LAVB1B8HHH75,MARKET,USD,1957.18,939.31010000,1.32896390,1.32116900,59,8.74,,,,,,,,,,,,,,,,,,,,,,,
Nintendo ADR,ORDER,2025-07-31T19:57:14.626Z,GBP,315.81,SELL,NTDOY,US6544453037,15.88400000,0.00,20.00000000,INTL,3CSHJ476LE2Z,MARKET,USD,419.80,20.99000000,1.32924555,1.32144900,59,1.87,,,,,,,,,,,,,,,,,,,,,,,
Marvell Technology,DIVIDEND,2025-07-31T10:38:00.000Z,GBP,0.15,,MRVL,US5738741041,,,4.00000000,,,,USD,,,,0.75687622,0,0.00,2025-07-11,2025-07-31,4.00000000,0.06000000,0.24,0.20,15,0.04,,,,,,,,,,,,,,,
Carlsmed,ORDER,2025-07-23T17:41:54.148Z,GBP,161.97,BUY,CARL,US14280C1053,10.73466667,0.00,15.00000000,Hudson River Trading (Hrt),R5TMSRCP1EVQ,MARKET,USD,218.48,14.56500000,1.34881774,1.35682300,59,0.95,,,,,,,,,,,,,,,,,,,,,,,
Interest,INTEREST_FROM_CASH,2025-07-15T00:00:00.000Z,GBP,4.93,,,,,,,,,,,,,,,,,,,,,,,,,,,,,,,,,,,,,,,
Nvidia,DIVIDEND,2025-07-03T18:06:00.000Z,GBP,0.32,,NVDA,US67066G1040,,,52.00000000,,,,USD,,,,0.73270809,0,0.00,2025-06-11,2025-07-03,52.00000000,0.01000000,0.52,0.44,15,0.08,,,,,,,,,,,,,,,
S&P 500 Dis,DIVIDEND,2025-07-02T17:56:00.000Z,GBP,4.82,,VUSA,IE00B3XXRP09,,,21.00000000,,,,USD,,,,0.73388032,0,0.00,2025-06-19,2025-07-02,21.00000000,0.31292000,6.57,6.57,0,0.00,,,,,,,,,,,,,,,
FTSE All World Dis,DIVIDEND,2025-07-02T17:01:00.000Z,GBP,3.18,,VWRL,IE00B3RBWM25,,,5.00000000,,,,USD,,,,0.73406887,0,0.00,2025-06-19,2025-07-02,5.00000000,0.86842200,4.34,4.34,0,0.00,,,,,,,,,,,,,,,
Lloyds,ORDER,2025-07-02T12:09:19.302Z,GBP,499.32,BUY,LLOY,GB0008706128,0.74938160,2.48,663.00000000,London Stock Exchange,Q9BH30O6F4GS,LIMIT,GBP,496.84,0.74938160,,,0,,,,,,,,,,,,,,,,,,,,,,,,
June Statement,MONTHLY_STATEMENT,2025-07-01T00:00:00.000Z,,,,,,,,,,,,,,,,,,,,,,,,,,,,,,,,,,,,,,,,,
Rolls-Royce,ORDER,2025-06-27T09:21:04.380Z,GBP,405.70,BUY,RR.,GB00B63H8491,9.38790698,2.02,43.00000000,London Stock Exchange,FQKMGPB6ONUM,MARKET,GBP,403.68,9.38790698,,,0,,,,,,,,,,,,,,,,,,,,,,,,
Super Micro Computer,ORDER,2025-06-26T15:10:43.093Z,GBP,1064.13,SELL,SMCI,US86800U3023,35.68166667,0.00,30.00000000,Hudson River Trading (Hrt),JUNK81FC34UN,LIMIT,USD,1470.00,49.00000000,1.38135015,1.37324799,59,6.32,,,,,,,,,,,,,,,,,,,,,,,
Qualcomm,DIVIDEND,2025-06-26T12:30:00.000Z,GBP,29.18,,QCOM,US7475251036,,,52.93635409,,,,USD,,,,0.72881517,0,0.00,2025-06-05,2025-06-26,52.93635409,0.89000000,47.11,40.04,15,7.07,,,,,,,,,,,,,,,
NASDAQ 100 Dis,DIVIDEND,2025-06-20T16:07:00.000Z,GBP,0.74,,EQQQ,IE0032077012,,,2.00000000,,,,USD,,,,0.74185077,0,0.00,2025-06-12,2025-06-20,2.00000000,0.50430000,1.01,1.01,0,0.00,,,,,,,,,,,,,,,
Rolls-Royce,DIVIDEND,2025-06-16T15:59:00.000Z,GBP,0.18,,RR.,GB00B63H8491,,,3.00000000,,,,GBP,,,,,,,2025-04-17,2025-06-16,3.00000000,0.06000000,,,0,0.00,,,,,,,,,,,,,,,
Interest,INTEREST_FROM_CASH,2025-06-16T00:00:00.000Z,GBP,2.36,,,,,,,,,,,,,,,,,,,,,,,,,,,,,,,,,,,,,,,
Microsoft,DIVIDEND,2025-06-12T14:32:00.000Z,GBP,4.66,,MSFT,US5949181045,,,9.00000000,,,,USD,,,,0.73449481,0,0.00,2025-05-15,2025-06-12,9.00000000,0.83000000,7.47,6.35,15,1.12,,,,,,,,,,,,,,,
Honeywell,DIVIDEND,2025-06-06T04:23:00.000Z,GBP,3.54,,HON,US4385161066,,,5.00000000,,,,USD,,,,0.73770250,0,0.00,2025-05-16,2025-06-06,5.00000000,1.13000000,5.65,4.80,15,0.85,,,,,,,,,,,,,,,
May Statement,MONTHLY_STATEMENT,2025-06-01T00:00:00.000Z,,,,,,,,,,,,,,,,,,,,,,,,,,,,,,,,,,,,,,,,,
D-Wave Quantum,ORDER,2025-05-20T17:29:04.267Z,GBP,1902.70,SELL,QBTS,US26740W1099,12.75993333,0.00,150.00000000,NASDAQ - All Markets,SE62W59LOJMJ,MARKET,USD,2560.68,17.07120000,1.34576847,1.33787501,59,11.29,,,,,,,,,,,,,,,,,,,,,,,
Lloyds,DIVIDEND,2025-05-20T17:21:00.000Z,GBP,134.36,,LLOY,GB0008706128,,,6368.00000000,,,,GBP,,,,,,,2025-04-10,2025-05-20,6368.00000000,0.02110000,,,0,0.00,,,,,,,,,,,,,,,
Costco,DIVIDEND,2025-05-16T04:22:00.000Z,GBP,1.72,,COST,US22160K1051,,,2.08363756,,,,USD,,,,0.75188535,0,0.00,2025-05-02,2025-05-16,2.08363756,1.30000000,2.71,2.30,15,0.41,,,,,,,,,,,,,,,
Interest,INTEREST_FROM_CASH,2025-05-16T00:00:00.000Z,GBP,0.50,,,,,,,,,,,,,,,,,,,,,,,,,,,,,,,,,,,,,,,
Apple,DIVIDEND,2025-05-15T11:41:00.000Z,GBP,14.46,,AAPL,US0378331005,,,86.99994805,,,,USD,,,,0.75233223,0,0.00,2025-05-12,2025-05-15,86.99994805,0.26000000,22.62,19.23,15,3.39,,,,,,,,,,,,,,,
Astera Labs,ORDER,2025-05-08T14:09:05.386Z,GBP,311.64,BUY,ALAB,US04626A1034,53.23195876,0.00,5.82000000,Multiple,SIM1ESJIKYMB,MARKET,USD,413.28,71.00970000,1.32610654,1.33397700,59,1.83,,,,,,,,,,,,,,,,,,,,,,,
Nintendo ADR,ORDER,2025-05-08T14:06:06.555Z,GBP,304.48,BUY,NTDOY,US6544453037,15.13450000,0.00,20.00000000,Other OTC,PXGKMWA00W24,BASIC,USD,403.80,20.19000000,1.32618606,1.33405700,59,1.79,,,,,,,,,,,,,,,,,,,,,,,
Marvell Technology,DIVIDEND,2025-05-01T05:01:00.000Z,GBP,0.15,,MRVL,US5738741041,,,4.00000000,,,,USD,,,,0.75135996,0,0.00,2025-04-11,2025-05-01,4.00000000,0.06000000,0.24,0.20,15,0.04,,,,,,,,,,,,,,,
April Statement,MONTHLY_STATEMENT,2025-05-01T00:00:00.000Z,,,,,,,,,,,,,,,,,,,,,,,,,,,,,,,,,,,,,,,,,
Robinhood,ORDER,2025-04-23T13:30:28.288Z,GBP,635.51,SELL,HOOD,US7707001027,34.17375158,0.00,18.70675505,Multiple,KF4ZO8H0IQAR,LIMIT_TRIGGERED,USD,851.27,45.50600000,1.33947053,1.33161401,59,3.77,,,,,,,,,,,,,,,,,,,,,,,
Interest,INTEREST_FROM_CASH,2025-04-15T00:00:00.000Z,GBP,0.11,,,,,,,,,,,,,,,,,,,,,,,,,,,,,,,,,,,,,,,
Lloyds,ORDER,2025-04-09T09:18:34.524Z,GBP,15.74,BUY,LLOY,GB0008706128,0.65250000,0.08,24.00000000,London Stock Exchange,RYR23ZBG7HWO,MARKET,GBP,15.66,0.65250000,,,0,,,,,,,,,,,,,,,,,,,,,,,,
Apple,ORDER,2025-04-08T15:02:57.382Z,GBP,106.84,BUY,AAPL,US0378331005,146.33667134,0.00,0.72579210,Drivewealth,SIXVCRIHK4A8,MARKET,USD,135.49,186.67880000,1.26814454,1.27567100,59,0.63,,,,,,,,,,,,,,,,,,,,,,,
Vale ADR,ORDER,2025-04-08T15:00:46.652Z,GBP,54.06,BUY,VALE,US91912E1055,6.71750000,0.00,8.00000000,NASDAQ - All Markets,K90RNASE1Q6L,MARKET,USD,68.55,8.56880000,1.26812624,1.27565259,59,0.32,,,,,,,,,,,,,,,,,,,,,,,
Novo Nordisk ADR,DIVIDEND,2025-04-08T08:48:00.000Z,GBP,13.41,,NVO,US6701002056,,,21.00000000,,,,USD,,,,0.78016508,0,0.00,2025-03-31,2025-04-08,21.00000000,1.12201375,23.56,17.20,27,6.36,,,,,,,,,,,,,,,
S&P 500 Dis,DIVIDEND,2025-04-02T16:46:00.000Z,GBP,5.13,,VUSA,IE00B3XXRP09,,,21.00000000,,,,USD,,,,0.76250896,0,0.00,2025-03-20,2025-04-02,21.00000000,0.32063000,6.73,6.73,0,0.00,,,,,,,,,,,,,,,
FTSE All World Dis,DIVIDEND,2025-04-02T16:28:00.000Z,GBP,1.78,,VWRL,IE00B3RBWM25,,,5.00000000,,,,USD,,,,0.77045164,0,0.00,2025-03-20,2025-04-02,5.00000000,0.46446000,2.32,2.32,0,0.00,,,,,,,,,,,,,,,
Nvidia,DIVIDEND,2025-04-02T11:47:00.000Z,GBP,0.33,,NVDA,US67066G1040,,,52.00000000,,,,USD,,,,0.76036954,0,0.00,2025-03-12,2025-04-02,52.00000000,0.01000000,0.52,0.44,15,0.08,,,,,,,,,,,,,,,
March Statement,MONTHLY_STATEMENT,2025-04-01T00:00:00.000Z,,,,,,,,,,,,,,,,,,,,,,,,,,,,,,,,,,,,,,,,,
Qualcomm,DIVIDEND,2025-03-27T04:58:00.000Z,GBP,29.54,,QCOM,US7475251036,,,52.93635409,,,,USD,,,,0.77242146,0,0.00,2025-03-06,2025-03-27,52.93635409,0.85000000,45.00,38.25,15,6.75,,,,,,,,,,,,,,,
Vale ADR,DIVIDEND,2025-03-21T10:09:00.000Z,GBP,101.73,,VALE,US91912E1055,,,359.00000000,,,,USD,,,,0.77095058,0,0.00,2025-03-10,2025-03-21,359.00000000,0.36757200,131.96,131.96,0,0.00,,,,,,,,,,,,,,,
Vale ADR,SPECIAL_DIVIDEND,2025-03-21T10:05:00.000Z,GBP,13.93,,VALE,US91912E1055,,,251.00000000,,,,USD,,,,0.77160494,0,0.00,2024-12-12,2025-03-21,251.00000000,0.08466238,21.25,18.06,15,3.19,,,,,,,,,,,,,,,
NASDAQ 100 Dis,DIVIDEND,2025-03-20T16:53:00.000Z,GBP,0.69,,EQQQ,IE0032077012,,,2.00000000,,,,USD,,,,0.77081984,0,0.00,2025-03-13,2025-03-20,2.00000000,0.45310000,0.91,0.91,0,0.00,,,,,,,,,,,,,,,
Interest,INTEREST_FROM_CASH,2025-03-17T00:00:00.000Z,GBP,0.71,,,,,,,,,,,,,,,,,,,,,,,,,,,,,,,,,,,,,,,
Honeywell,DIVIDEND,2025-03-14T15:00:00.000Z,GBP,3.69,,HON,US4385161066,,,5.00000000,,,,USD,,,,0.77010158,0,0.00,2025-02-28,2025-03-14,5.00000000,1.13000000,5.65,4.80,15,0.85,,,,,,,,,,,,,,,
Microsoft,DIVIDEND,2025-03-13T16:50:00.000Z,GBP,4.91,,MSFT,US5949181045,,,9.00000000,,,,USD,,,,0.77382012,0,0.00,2025-02-20,2025-03-13,9.00000000,0.83000000,7.47,6.35,15,1.12,,,,,,,,,,,,,,,
Vale ADR,ORDER,2025-03-07T15:54:39.510Z,GBP,23.03,BUY,VALE,US91912E1055,7.63000000,0.00,3.00000000,NASDAQ - All Markets,6B4D741NUKE4,MARKET,USD,29.58,9.85880000,1.28440901,1.29203200,59,0.14,,,,,,,,,,,,,,,,,,,,,,,
Astera Labs,ORDER,2025-03-07T15:53:15.177Z,GBP,159.78,BUY,ALAB,US04626A1034,49.95382149,0.00,3.17973671,Multiple,3GJC83MRR6PU,MARKET,USD,205.19,64.53050000,1.28419031,1.29181200,59,0.94,,,,,,,,,,,,,,,,,,,,,,,
Pets at Home,ORDER,2025-03-07T15:51:22.434Z,GBP,177.69,SELL,PETS,GB00BJ62K685,2.33802632,0.00,76.00000000,London Stock Exchange,35AG3HZKP7LH,MARKET,GBP,177.69,2.33802632,,,0,,,,,,,,,,,,,,,,,,,,,,,,
Rolls-Royce,ORDER,2025-03-05T16:06:48.170Z,GBP,24.26,BUY,RR.,GB00B63H8491,8.04666667,0.12,3.00000000,London Stock Exchange,9ESYGZBSGRVS,MARKET,GBP,24.14,8.04666667,,,0,,,,,,,,,,,,,,,,,,,,,,,,
February Statement,MONTHLY_STATEMENT,2025-03-01T00:00:00.000Z,,,,,,,,,,,,,,,,,,,,,,,,,,,,,,,,,,,,,,,,,
Astera Labs,ORDER,2025-02-25T15:52:17.255Z,GBP,123.51,BUY,ALAB,US04626A1034,61.39500000,0.00,2.00000000,NASDAQ - All Markets,Y3M2GGAM76HA,MARKET,USD,155.46,77.73190000,1.25856340,1.26603299,59,0.72,,,,,,,,,,,,,,,,,,,,,,,
Costco,DIVIDEND,2025-02-21T05:23:00.000Z,GBP,1.62,,COST,US22160K1051,,,2.08363756,,,,USD,,,,0.78878039,0,0.00,2025-02-07,2025-02-21,2.08363756,1.16000000,2.42,2.05,15,0.36,,,,,,,,,,,,,,,
Astera Labs,ORDER,2025-02-20T15:07:09.088Z,GBP,136.94,BUY,ALAB,US04626A1034,68.07000000,0.00,2.00000000,NOT_YET_KNOWN,NY42X15Q93AF,BASIC,USD,171.73,85.86260000,1.25402236,1.26146500,59,0.80,,,,,,,,,,,,,,,,,,,,,,,
Vale ADR,ORDER,2025-02-19T15:05:42.740Z,GBP,154.19,BUY,VALE,US91912E1055,7.66450000,0.00,20.00000000,NASDAQ - All Markets,WN9HHXVEKILC,MARKET,USD,192.98,9.64880000,1.25145450,1.25888190,59,0.90,,,,,,,,,,,,,,,,,,,,,,,
Interest,INTEREST_FROM_CASH,2025-02-15T00:00:00.000Z,GBP,1.34,,,,,,,,,,,,,,,,,,,,,,,,,,,,,,,,,,,,,,,
Apple,DIVIDEND,2025-02-13T19:13:00.000Z,GBP,14.53,,AAPL,US0378331005,,,86.27415595,,,,USD,,,,0.79293967,0,0.00,2025-02-10,2025-02-13,86.27415595,0.25000000,21.57,18.33,15,3.24,,,,,,,,,,,,,,,
Banco Bradesco ADR,SPECIAL_DIVIDEND,2025-02-10T10:31:00.000Z,GBP,21.94,,BBD,US0594603039,,,538.00000000,,,,USD,,,,0.80867547,0,0.00,2024-06-20,2025-02-10,538.00000000,0.05932900,31.92,27.13,15,4.79,,,,,,,,,,,,,,,
Astera Labs,ORDER,2025-02-07T16:46:41.122Z,GBP,324.75,BUY,ALAB,US04626A1034,80.71250000,0.00,4.00000000,NASDAQ - All Markets,7S6D9LCDDP0P,LIMIT,USD,400.00,100.00000000,1.23165163,1.23896150,59,1.90,,,,,,,,,,,,,,,,,,,,,,,
BNP Paribas,ORDER,2025-02-05T14:15:39.941Z,GBP,164.26,SELL,BNPp,FR0000131104,55.07666667,0.00,3.00000000,Boerse Berlin Equiduct Trading - Berlin Second Regulated Market,ZRYBKXJ6HY8R,MARKET,EUR,198.63,66.21000000,1.20924697,1.20215426,59,0.97,,,,,,,,,,,,,,,,,,,,,,,
January Statement,MONTHLY_STATEMENT,2025-02-01T00:00:00.000Z,,,,,,,,,,,,,,,,,,,,,,,,,,,,,,,,,,,,,,,,,
Marvell Technology,DIVIDEND,2025-01-30T05:57:00.000Z,GBP,0.16,,MRVL,US5738741041,,,4.00000000,,,,USD,,,,0.80514001,0,0.00,2025-01-10,2025-01-30,4.00000000,0.06000000,0.24,0.20,15,0.04,,,,,,,,,,,,,,,
Astera Labs,ORDER,2025-01-27T15:50:43.023Z,GBP,152.00,BUY,ALAB,US04626A1034,75.55500000,0.00,2.00000000,NASDAQ - All Markets,5C0ZKNNJL8EO,MARKET,USD,188.48,94.24140000,1.23998078,1.24734009,59,0.89,,,,,,,,,,,,,,,,,,,,,,,
D-Wave Quantum,ORDER,2025-01-27T15:49:54.948Z,GBP,305.49,BUY,QBTS,US26740W1099,4.67230769,0.00,65.00000000,NASDAQ - All Markets,4T7SLQN15LAA,MARKET,USD,378.87,5.82880000,1.24014871,1.24750901,59,1.79,,,,,,,,,,,,,,,,,,,,,,,
D-Wave Quantum,ORDER,2025-01-24T16:13:52.704Z,GBP,193.12,BUY,QBTS,US26740W1099,5.48542857,0.00,35.00000000,NASDAQ - All Markets,CZZ61CF6ZAHB,MARKET,USD,239.71,6.84880000,1.24120244,1.24856900,59,1.13,,,,,,,,,,,,,,,,,,,,,,,
Top up,TOP_UP,2025-01-16T19:42:13.426Z,GBP,550.21,,,,,,,,,,,,,,,,,,,,,,,,,,,,,,,,,,,,,,,
Interest,INTEREST_FROM_CASH,2025-01-16T00:00:00.000Z,GBP,1.81,,,,,,,,,,,,,,,,,,,,,,,,,,,,,,,,,,,,,,,
D-Wave Quantum,ORDER,2025-01-15T19:17:43.530Z,GBP,230.77,BUY,QBTS,US26740W1099,4.58840000,0.00,50.00000000,NASDAQ - All Markets,BW6HRYRE204L,MARKET,USD,280.44,5.60880000,1.21516696,1.22237900,59,1.35,,,,,,,,,,,,,,,,,,,,,,,
Pets at Home,ORDER,2025-01-14T14:35:34.729Z,GBP,48.07,BUY,PETS,GB00BJ62K685,1.99291667,0.24,24.00000000,London Stock Exchange,D8IZFXCIAINC,MARKET,GBP,47.83,1.99291667,,,0,,,,,,,,,,,,,,,,,,,,,,,,
Lloyds,ORDER,2025-01-14T14:34:51.568Z,GBP,80.91,BUY,LLOY,GB0008706128,0.53673333,0.40,150.00000000,London Stock Exchange,NQHA7QBQDXE1,MARKET,GBP,80.51,0.53673333,,,0,,,,,,,,,,,,,,,,,,,,,,,,
Vale ADR,ORDER,2025-01-14T14:33:28.968Z,GBP,71.37,BUY,VALE,US91912E1055,7.09500000,0.00,10.00000000,NASDAQ - All Markets,PUMLU5IVMRM1,MARKET,USD,86.29,8.62880000,1.20910295,1.21627900,59,0.42,,,,,,,,,,,,,,,,,,,,,,,
UK T-Bill 10/02/25,ORDER,2025-01-10T08:19:48.000Z,GBP,256.74,BUY,GB00BSGJXG32,GB00BSGJXG32,0.99642106,0.00,257.67000000,Off-exchange Transactions - Listed Instruments,TC5DUJDK9KC5,BASIC,GBP,256.74,0.99642106,,,0,,,,,,,,,,,,,,,,,,,,,,,,
UK T-Bill 03/02/25,ORDER,2025-01-03T08:49:32.000Z,GBP,255.73,BUY,GB00BSGJV473,GB00BSGJV473,0.99642101,0.00,256.65000000,Off-exchange Transactions - Listed Instruments,7AD2SFSZDLYE,BASIC,GBP,255.73,0.99642101,,,0,,,,,,,,,,,,,,,,,,,,,,,,
December Statement,MONTHLY_STATEMENT,2025-01-01T00:00:00.000Z,,,,,,,,,,,,,,,,,,,,,,,,,,,,,,,,,,,,,,,,,
S&P 500 Dis,DIVIDEND,2024-12-27T19:52:00.000Z,GBP,5.10,,VUSA,IE00B3XXRP09,,,21.00000000,,,,USD,,,,0.79450205,0,0.00,2024-12-12,2024-12-27,21.00000000,0.30615000,6.43,6.43,0,0.00,,,,,,,,,,,,,,,
Nvidia,DIVIDEND,2024-12-27T19:02:00.000Z,GBP,0.35,,NVDA,US67066G1040,,,52.00000000,,,,USD,,,,0.79714304,0,0.00,2024-12-05,2024-12-27,52.00000000,0.01000000,0.52,0.44,15,0.08,,,,,,,,,,,,,,,
Novo Nordisk ADR,ORDER,2024-12-27T15:02:12.877Z,GBP,140.98,BUY,NVO,US6701002056,70.07500000,0.00,2.00000000,NOT_YET_KNOWN,YIYAF2FAM6CV,BASIC,USD,176.10,88.04760000,1.24908337,1.25649670,59,0.83,,,,,,,,,,,,,,,,,,,,,,,
FTSE All World Dis,DIVIDEND,2024-12-27T03:15:00.000Z,GBP,1.42,,VWRL,IE00B3RBWM25,,,4.00000000,,,,USD,,,,0.79761990,0,0.00,2024-12-12,2024-12-27,4.00000000,0.44661900,1.79,1.79,0,0.00,,,,,,,,,,,,,,,
Pets at Home,ORDER,2024-12-24T09:20:51.956Z,GBP,109.18,BUY,PETS,GB00BJ62K685,2.08923077,0.54,52.00000000,London Stock Exchange,G7QKI6RW3U1J,MARKET,GBP,108.64,2.08923077,,,0,,,,,,,,,,,,,,,,,,,,,,,,
NASDAQ 100 Dis,DIVIDEND,2024-12-19T18:41:00.000Z,GBP,0.71,,EQQQ,IE0032077012,,,2.00000000,,,,USD,,,,0.79854346,0,0.00,2024-12-12,2024-12-19,2.00000000,0.45040000,0.90,0.90,0,0.00,,,,,,,,,,,,,,,
Qualcomm,DIVIDEND,2024-12-19T07:13:00.000Z,GBP,28.88,,QCOM,US7475251036,,,49.93635409,,,,USD,,,,0.80067898,0,0.00,2024-12-05,2024-12-19,49.93635409,0.85000000,42.45,36.08,15,6.37,,,,,,,,,,,,,,,
Marvell Technology,ORDER,2024-12-18T16:23:14.885Z,GBP,176.32,BUY,MRVL,US5738741041,87.64500000,0.00,2.00000000,NASDAQ - All Markets,R8W2JWCN9NAC,MARKET,USD,222.47,111.23520000,1.26169083,1.26917899,59,1.03,,,,,,,,,,,,,,,,,,,,,,,
Vale ADR,ORDER,2024-12-18T16:22:26.074Z,GBP,176.92,BUY,VALE,US91912E1055,7.03520000,0.00,25.00000000,NASDAQ - All Markets,L7L6AVP98FST,MARKET,USD,223.22,8.92880000,1.26170189,1.26919011,59,1.04,,,,,,,,,,,,,,,,,,,,,,,
FTSE All-World Acc,ORDER,2024-12-18T10:36:02.613Z,GBP,336.60,BUY,VWRP,IE00BK5BQT80,112.20000000,0.00,3.00000000,London Stock Exchange,4Q3IDZGSCX3J,MARKET,GBP,336.60,112.20000000,,,0,,,,,,,,,,,,,,,,,,,,,,,,
Apple,ORDER,2024-12-16T15:50:08.468Z,GBP,395.50,BUY,AAPL,US0378331005,196.59000000,0.00,2.00000000,Knight Equity Markets LP,9OAIEQCDW0N2,MARKET,USD,498.88,249.44000000,1.26135484,1.26884100,59,2.32,,,,,,,,,,,,,,,,,,,,,,,
FTSE All World Dis,ORDER,2024-12-16T14:45:59.378Z,GBP,111.80,BUY,VWRL,IE00B3RBWM25,111.80000000,0.00,1.00000000,London Stock Exchange,VG6UC1C5C0NZ,MARKET,GBP,111.80,111.80000000,,,0,,,,,,,,,,,,,,,,,,,,,,,,
Vale ADR,ORDER,2024-12-16T14:45:05.056Z,GBP,182.00,BUY,VALE,US91912E1055,7.23720000,0.00,25.00000000,NASDAQ - All Markets,7SKZF924RQGG,MARKET,USD,228.72,9.14880000,1.25665275,1.26411100,59,1.07,,,,,,,,,,,,,,,,,,,,,,,
Qualcomm,ORDER,2024-12-16T14:43:39.803Z,GBP,368.21,BUY,QCOM,US7475251036,122.01666667,0.00,3.00000000,NASDAQ - All Markets,TLLF2QF46R86,MARKET,USD,462.98,154.32620000,1.25733867,1.26480100,59,2.16,,,,,,,,,,,,,,,,,,,,,,,
Marvell Technology,ORDER,2024-12-16T14:42:44.035Z,GBP,190.71,BUY,MRVL,US5738741041,94.79500000,0.00,2.00000000,NASDAQ - All Markets,FP2B6OMJ4VYY,MARKET,USD,239.79,119.89640000,1.25729890,1.26476099,59,1.12,,,,,,,,,,,,,,,,,,,,,,,
CrowdStrike,ORDER,2024-12-16T14:40:24.719Z,GBP,1461.50,SELL,CRWD,US22788C1053,294.03400000,0.00,5.00000000,NOT_YET_KNOWN,F6SJETOZMECZ,LIMIT,USD,1860.00,372.00000000,1.27262847,1.26516400,59,8.67,,,,,,,,,,,,,,,,,,,,,,,
Alphabet,DIVIDEND,2024-12-16T09:23:00.000Z,GBP,0.53,,GOOG,US02079K1079,,,4.00000000,,,,USD,,,,0.78871195,0,0.00,2024-12-09,2024-12-16,4.00000000,0.20000000,0.80,0.68,15,0.12,,,,,,,,,,,,,,,
Interest,INTEREST_FROM_CASH,2024-12-16T00:00:00.000Z,GBP,0.33,,,,,,,,,,,,,,,,,,,,,,,,,,,,,,,,,,,,,,,
UK T-Bill 13/01/25,ORDER,2024-12-13T08:29:02.000Z,GBP,255.81,BUY,GB00BSGJLT23,GB00BSGJLT23,0.99641350,0.00,256.74000000,Off-exchange Transactions - Listed Instruments,NP39BDDB3ZCZ,BASIC,GBP,255.81,0.99641350,,,0,,,,,,,,,,,,,,,,,,,,,,,,
Microsoft,DIVIDEND,2024-12-12T17:42:00.000Z,GBP,5.02,,MSFT,US5949181045,,,9.00000000,,,,USD,,,,0.79159641,0,0.00,2024-11-21,2024-12-12,9.00000000,0.83000000,7.47,6.35,15,1.12,,,,,,,,,,,,,,,
Vale ADR,ORDER,2024-12-12T15:07:16.215Z,GBP,189.81,BUY,VALE,US91912E1055,7.54800000,0.00,25.00000000,NOT_YET_KNOWN,7R5OEO00CMQU,BASIC,USD,239.97,9.59880000,1.26418374,1.27168669,59,1.11,,,,,,,,,,,,,,,,,,,,,,,
Physical Gold,ORDER,2024-12-11T10:00:27.007Z,GBP,205.43,BUY,SGLD,IE00B579F325,204.23000000,0.00,1.00000000,AQSN,1TWC0BU7CDY8,BASIC,USD,259.91,259.91000000,1.26511153,1.27261999,59,1.20,,,,,,,,,,,,,,,,,,,,,,,
Astera Labs,ORDER,2024-12-10T18:13:53.830Z,GBP,190.02,BUY,ALAB,US04626A1034,94.45500000,0.00,2.00000000,NASDAQ - All Markets,YGCZLB5T9F1F,MARKET,USD,240.85,120.42420000,1.26741784,1.27493999,59,1.11,,,,,,,,,,,,,,,,,,,,,,,
Costco,ORDER,2024-12-10T18:13:23.042Z,GBP,784.19,BUY,COST,US22160K1051,779.59000000,0.00,1.00000000,NASDAQ - All Markets,3I0M913QBV9O,MARKET,USD,993.91,993.90580000,1.26739797,1.27492000,59,4.60,,,,,,,,,,,,,,,,,,,,,,,
Raspberry PI,ORDER,2024-12-10T09:38:53.178Z,GBP,2068.05,SELL,RPI,GB00BS3DYQ52,3.99237452,0.00,518.00000000,London Stock Exchange,5176RHF0XIS8,MARKET,GBP,2068.05,3.99237452,,,0,,,,,,,,,,,,,,,,,,,,,,,,
Alphabet,ORDER,2024-12-09T17:37:26.709Z,GBP,553.23,SELL,GOOG,US02079K1079,139.12750000,0.00,4.00000000,NASDAQ - All Markets,UMWY67DME3JB,MARKET,USD,711.01,177.75360000,1.28516099,1.27762301,59,3.28,,,,,,,,,,,,,,,,,,,,,,,
Toyota ADR,DIVIDEND,2024-12-06T16:30:00.000Z,GBP,3.40,,TM,US8923313071,,,2.00000000,,,,USD,,,,0.78151254,0,0.00,2024-09-30,2024-12-06,2.00000000,2.57131000,5.14,4.36,15,0.79,,,,,,,,,,,,,,,
UK T-Bill 06/01/25,ORDER,2024-12-06T09:24:27.000Z,GBP,254.80,BUY,GB00BSGJHX80,GB00BSGJHX80,0.99639812,0.00,255.73000000,Off-exchange Transactions - Listed Instruments,XQV3MSKRNHE3,BASIC,GBP,254.80,0.99639812,,,0,,,,,,,,,,,,,,,,,,,,,,,,
Honeywell,DIVIDEND,2024-12-06T05:35:00.000Z,GBP,3.77,,HON,US4385161066,,,5.00000000,,,,USD,,,,0.78599051,0,0.00,2024-11-15,2024-12-06,5.00000000,1.13000000,5.65,4.80,15,0.85,,,,,,,,,,,,,,,
Vale ADR,ORDER,2024-12-05T15:05:11.181Z,GBP,15.11,BUY,VALE,US91912E1055,7.51000000,0.00,2.00000000,NOT_YET_KNOWN,50NH0I9UN8GE,BASIC,USD,19.16,9.57880000,1.26834832,1.27587599,59,0.09,,,,,,,,,,,,,,,,,,,,,,,
November Statement,MONTHLY_STATEMENT,2024-12-01T00:00:00.000Z,,,,,,,,,,,,,,,,,,,,,,,,,,,,,,,,,,,,,,,,,
Robinhood,ORDER,2024-11-27T17:41:55.164Z,GBP,30.12,BUY,HOOD,US7707001027,29.94000000,0.00,1.00000000,NASDAQ - All Markets,VC2PALUX08RE,MARKET,USD,37.97,37.96880000,1.26059833,1.26808000,59,0.18,,,,,,,,,,,,,,,,,,,,,,,
Apple,ORDER,2024-11-27T16:00:25.980Z,GBP,179.74,BUY,AAPL,US0378331005,185.13537132,0.00,0.96518563,Drivewealth,MAOWEEJ4ICLM,BASIC,USD,226.47,234.63880000,1.25992235,1.26740001,59,1.05,,,,,,,,,,,,,,,,,,,,,,,
Lloyds,ORDER,2024-11-27T11:00:32.891Z,GBP,51.82,BUY,LLOY,GB0008706128,0.53154639,0.26,97.00000000,London Stock Exchange,F1O3Q0KP8RML,BASIC,GBP,51.56,0.53154639,,,0,,,,,,,,,,,,,,,,,,,,,,,,
Raspberry PI,ORDER,2024-11-27T10:00:46.821Z,GBP,99.07,BUY,RPI,GB00BS3DYQ52,3.28600000,0.49,30.00000000,London Stock Exchange,5L4HE3OOQHUK,BASIC,GBP,98.58,3.28600000,,,0,,,,,,,,,,,,,,,,,,,,,,,,
Berkshire Hathaway,ORDER,2024-11-26T18:41:33.721Z,GBP,382.72,BUY,BRK.B,US0846707026,380.48000000,0.00,1.00000000,NASDAQ - All Markets,W56WIFLBWFB9,MARKET,USD,476.68,476.68230000,1.24545123,1.25284300,59,2.24,,,,,,,,,,,,,,,,,,,,,,,
Robinhood,ORDER,2024-11-26T18:41:11.223Z,GBP,79.87,BUY,HOOD,US7707001027,29.33401750,0.00,2.70675505,Multiple,DQE7K0YBSM7A,MARKET,USD,99.47,36.74880000,1.24531245,1.25270340,59,0.47,,,,,,,,,,,,,,,,,,,,,,,
Super Micro Computer,ORDER,2024-11-26T18:40:15.194Z,GBP,649.54,SELL,SMCI,US86800U3023,28.25596135,0.00,23.12432382,Multiple,Z87VLV45ZCF2,LIMIT_TRIGGERED,USD,818.63,35.40120000,1.26027804,1.25288601,59,3.86,,,,,,,,,,,,,,,,,,,,,,,
S&P 500 Dis,ORDER,2024-11-26T10:02:16.636Z,GBP,90.45,BUY,VUSA,IE00B3XXRP09,90.45000000,0.00,1.00000000,AQST,G0B1X9MEEBER,BASIC,GBP,90.45,90.45000000,,,0,,,,,,,,,,,,,,,,,,,,,,,,
Raspberry PI,ORDER,2024-11-26T10:01:20.999Z,GBP,26.72,BUY,RPI,GB00BS3DYQ52,3.32375000,0.13,8.00000000,London Stock Exchange,YV1AC8XK0FNM,BASIC,GBP,26.59,3.32375000,,,0,,,,,,,,,,,,,,,,,,,,,,,,
Moderna,ORDER,2024-11-22T15:06:19.027Z,GBP,253.51,SELL,MRNA,US60770K1079,31.87625000,0.00,8.00000000,NASDAQ - All Markets,UMS3UZIDZQ6G,BASIC,USD,319.49,39.93600000,1.26024453,1.25285270,59,1.50,,,,,,,,,,,,,,,,,,,,,,,
Qualcomm,ORDER,2024-11-20T20:28:22.985Z,GBP,499.23,BUY,QCOM,US7475251036,121.44799486,0.00,4.08652280,Multiple,MOQD7P3WCWR2,MARKET,USD,627.43,153.53640000,1.25675216,1.26421100,59,2.93,,,,,,,,,,,,,,,,,,,,,,,
SoundHound AI,ORDER,2024-11-20T20:27:50.790Z,GBP,252.38,SELL,SOUN,US8361001071,5.07760000,0.00,50.00000000,NASDAQ - All Markets,DDJRW14QTEO7,MARKET,USD,321.06,6.42120000,1.27209534,1.26463400,59,1.50,,,,,,,,,,,,,,,,,,,,,,,
Semler Scientific,ORDER,2024-11-20T20:27:17.082Z,GBP,288.30,SELL,SMLR,US81684M1045,48.33500000,0.00,6.00000000,NASDAQ - All Markets,0I7RY83FJXYC,MARKET,USD,366.73,61.12220000,1.27202493,1.26456400,59,1.71,,,,,,,,,,,,,,,,,,,,,,,
Costco,DIVIDEND,2024-11-15T19:31:00.000Z,GBP,0.84,,COST,US22160K1051,,,1.08363756,,,,USD,,,,0.78954641,0,0.00,2024-11-01,2024-11-15,1.08363756,1.16000000,1.26,1.07,15,0.19,,,,,,,,,,,,,,,
UK T-Bill 16/12/24,ORDER,2024-11-15T08:58:38.000Z,GBP,254.88,BUY,GB00BSGJ8Z73,GB00BSGJ8Z73,0.99639042,0.00,255.81000000,Off-exchange Transactions - Listed Instruments,YQSMP7ZWX26J,BASIC,GBP,254.88,0.99639042,,,0,,,,,,,,,,,,,,,,,,,,,,,,
Interest,INTEREST_FROM_CASH,2024-11-15T00:00:00.000Z,GBP,1.94,,,,,,,,,,,,,,,,,,,,,,,,,,,,,,,,,,,,,,,
Vale ADR,ORDER,2024-11-14T20:51:03.662Z,GBP,39.08,BUY,VALE,US91912E1055,7.77000000,0.00,5.00000000,"Two Sigma Securities, LLC",63QLVB1MU298,MARKET,USD,49.15,9.83000000,1.25774824,1.26521300,59,0.23,,,,,,,,,,,,,,,,,,,,,,,
Apple,DIVIDEND,2024-11-14T18:33:00.000Z,GBP,14.01,,AAPL,US0378331005,,,83.30897032,,,,USD,,,,0.79172176,0,0.00,2024-11-08,2024-11-14,83.30897032,0.25000000,20.83,17.70,15,3.12,,,,,,,,,,,,,,,
UK T-Bill 09/12/24,ORDER,2024-11-08T11:24:59.000Z,GBP,253.87,BUY,GB00BSGJ6200,GB00BSGJ6200,0.99638302,0.00,254.80000000,Off-exchange Transactions - Listed Instruments,O7IUH2HKMZL5,BASIC,GBP,253.87,0.99638302,,,0,,,,,,,,,,,,,,,,,,,,,,,,
Lloyds,ORDER,2024-11-06T11:00:31.822Z,GBP,51.86,BUY,LLOY,GB0008706128,0.55483871,0.26,93.00000000,London Stock Exchange,SIXPLI8GYO80,BASIC,GBP,51.60,0.55483871,,,0,,,,,,,,,,,,,,,,,,,,,,,,
Raspberry PI,ORDER,2024-11-04T08:33:05.892Z,GBP,276.78,BUY,RPI,GB00BS3DYQ52,3.40000000,1.38,81.00000000,London Stock Exchange,G522PE3WY6OU,LIMIT,GBP,275.40,3.40000000,,,0,,,,,,,,,,,,,,,,,,,,,,,,
Super Micro Computer,ORDER,2024-11-01T19:39:35.095Z,GBP,103.83,BUY,SMCI,US86800U3023,20.14314544,0.00,5.12432382,Multiple,LHEM8RWO0ZSM,MARKET,USD,133.38,26.02880000,1.28454819,1.29217200,59,0.61,,,,,,,,,,,,,,,,,,,,,,,
October Statement,MONTHLY_STATEMENT,2024-11-01T00:00:00.000Z,,,,,,,,,,,,,,,,,,,,,,,,,,,,,,,,,,,,,,,,,
Novo Nordisk ADR,ORDER,2024-10-30T14:25:17.749Z,GBP,84.95,BUY,NVO,US6701002056,84.45000000,0.00,1.00000000,NASDAQ - All Markets,JD2FBHA5GCDL,MARKET,USD,110.03,110.03400000,1.29516218,1.30284899,59,0.50,,,,,,,,,,,,,,,,,,,,,,,
Super Micro Computer,ORDER,2024-10-30T14:20:11.089Z,GBP,218.07,BUY,SMCI,US86800U3023,27.09875000,0.00,8.00000000,NASDAQ - All Markets,IL33O37PIHMD,MARKET,USD,282.15,35.26880000,1.29381021,1.30148900,59,1.28,,,,,,,,,,,,,,,,,,,,,,,
Toyota ADR,ORDER,2024-10-30T14:19:30.527Z,GBP,268.93,SELL,TM,US8923313071,135.26500000,0.00,2.00000000,NASDAQ - All Markets,AWQ4Z2PPLLEI,MARKET,USD,352.29,176.14260000,1.30992462,1.30224140,59,1.60,,,,,,,,,,,,,,,,,,,,,,,
Stellantis,ORDER,2024-10-30T14:11:56.147Z,GBP,210.80,SELL,STLA,NL00150001Q9,10.09761905,0.00,21.00000000,NASDAQ - All Markets,PFXFW0CX5WZF,MARKET,USD,276.18,13.15120000,1.31012641,1.30244200,59,1.25,,,,,,,,,,,,,,,,,,,,,,,
Vale ADR,ORDER,2024-10-29T15:01:08.782Z,GBP,2.30,SELL,VALE,US91912E1055,8.51289711,0.00,0.27135298,Drivewealth,M4QAXR2PP4AH,BASIC,USD,3.00,11.07120000,1.30750604,1.29983700,59,0.01,,,,,,,,,,,,,,,,,,,,,,,
S&P 500 ETF Acc,ORDER,2024-10-24T09:29:03.234Z,GBP,96.52,BUY,XDPG,IE00BM67HX07,96.52000000,0.00,1.00000000,AQST,026IMVHZ609Q,MARKET,GBP,96.52,96.52000000,,,0,,,,,,,,,,,,,,,,,,,,,,,,
Qualcomm,ORDER,2024-10-23T15:00:22.894Z,GBP,167.72,BUY,QCOM,US7475251036,130.50666571,0.00,1.27763589,Multiple,OB9AEFO3VUZP,BASIC,USD,215.87,168.96050000,1.28699367,1.29463200,59,0.98,,,,,,,,,,,,,,,,,,,,,,,
Apple,ORDER,2024-10-23T15:00:22.257Z,GBP,179.70,BUY,AAPL,US0378331005,180.98946622,0.00,0.98707402,Drivewealth,BNNN2TD9BKCM,BASIC,USD,231.29,234.31880000,1.28699367,1.29463200,59,1.05,,,,,,,,,,,,,,,,,,,,,,,
Lloyds,ORDER,2024-10-23T10:00:30.227Z,GBP,51.62,BUY,LLOY,GB0008706128,0.62634146,0.26,82.00000000,London Stock Exchange,R1JKE67N24QI,BASIC,GBP,51.36,0.62634146,,,0,,,,,,,,,,,,,,,,,,,,,,,,
Novo Nordisk ADR,ORDER,2024-10-22T13:31:55.303Z,GBP,445.55,BUY,NVO,US6701002056,88.58800000,0.00,5.00000000,NOT_YET_KNOWN,U4L0T3FHRB5L,LIMIT,USD,574.20,114.84000000,1.28869359,1.29634201,59,2.61,,,,,,,,,,,,,,,,,,,,,,,
Raspberry PI,ORDER,2024-10-21T09:03:08.860Z,GBP,149.38,BUY,RPI,GB00BS3DYQ52,3.71600000,0.74,40.00000000,London Stock Exchange,TAILSXG9KHLG,BASIC,GBP,148.64,3.71600000,,,0,,,,,,,,,,,,,,,,,,,,,,,,
Regional REIT,DIVIDEND,2024-10-18T16:05:00.000Z,GBP,2.16,,RGL,GG00BSY2LD72,,,123.00000000,,,,GBP,,,,,,,2024-09-19,2024-10-18,123.00000000,0.02200000,,,20,0.54,,,,,,,,,,,,,,,
UK T-Bill 18/11/24,ORDER,2024-10-18T07:33:15.000Z,GBP,253.94,BUY,GB00BSGHZB60,GB00BSGHZB60,0.99632196,0.00,254.88000000,Off-exchange Transactions - Listed Instruments,44RIF8LBQ8IT,BASIC,GBP,253.94,0.99632196,,,0,,,,,,,,,,,,,,,,,,,,,,,,
Novo Nordisk ADR,ORDER,2024-10-17T14:03:12.914Z,GBP,91.64,BUY,NVO,US6701002056,91.10000000,0.00,1.00000000,NOT_YET_KNOWN,IEJWRQ4MLNBG,BASIC,USD,118.40,118.39640000,1.29196816,1.29963601,59,0.54,,,,,,,,,,,,,,,,,,,,,,,
Regional REIT,ORDER,2024-10-17T09:00:50.713Z,GBP,157.75,SELL,RGL,GG00BSY2LD72,1.28252033,0.00,123.00000000,London Stock Exchange,2N4J6ETM0N1H,BASIC,GBP,157.75,1.28252033,,,0,,,,,,,,,,,,,,,,,,,,,,,,
Moderna,ORDER,2024-10-16T18:24:15.587Z,GBP,133.53,BUY,MRNA,US60770K1079,44.25000000,0.00,3.00000000,NASDAQ - All Markets,IV6A7NGFAQOC,MARKET,USD,172.46,57.48520000,1.29142635,1.29909099,59,0.78,,,,,,,,,,,,,,,,,,,,,,,
Qualcomm,ORDER,2024-10-16T15:00:38.915Z,GBP,167.75,BUY,QCOM,US7475251036,132.57553791,0.00,1.25792437,Multiple,RFHX8Y07RXJM,BASIC,USD,216.90,172.42690000,1.29293869,1.30061230,59,0.98,,,,,,,,,,,,,,,,,,,,,,,
Apple,ORDER,2024-10-16T15:00:38.745Z,GBP,179.73,BUY,AAPL,US0378331005,177.17799481,0.00,1.00847738,Multiple,7VK353F2J1MI,BASIC,USD,232.39,230.43650000,1.29293869,1.30061230,59,1.05,,,,,,,,,,,,,,,,,,,,,,,
Lloyds,ORDER,2024-10-16T10:00:43.282Z,GBP,51.58,BUY,LLOY,GB0008706128,0.60376471,0.26,85.00000000,London Stock Exchange,7XH0CD4HADCP,BASIC,GBP,51.32,0.60376471,,,0,,,,,,,,,,,,,,,,,,,,,,,,
Interest,INTEREST_FROM_CASH,2024-10-15T00:00:00.000Z,GBP,0.73,,,,,,,,,,,,,,,,,,,,,,,,,,,,,,,,,,,,,,,
Vale ADR,ORDER,2024-10-14T16:58:36.839Z,GBP,93.86,BUY,VALE,US91912E1055,8.48272727,0.00,11.00000000,NASDAQ - All Markets,0TSRI5SDW4O4,MARKET,USD,121.76,11.06880000,1.29725278,1.30495200,59,0.55,,,,,,,,,,,,,,,,,,,,,,,
Reddit,ORDER,2024-10-14T16:57:22.099Z,GBP,113.98,SELL,RDDT,US75734B1008,57.33000000,0.00,2.00000000,NASDAQ - All Markets,7NI8DOHN33DM,MARKET,USD,149.69,74.84360000,1.31318857,1.30548620,59,0.68,,,,,,,,,,,,,,,,,,,,,,,
UK T-Bill 11/11/24,ORDER,2024-10-11T07:07:27.000Z,GBP,252.93,BUY,GB00BSGHWJ32,GB00BSGHWJ32,0.99629902,0.00,253.87000000,Off-exchange Transactions - Listed Instruments,2PFVP1M3N4UC,BASIC,GBP,252.93,0.99629902,,,0,,,,,,,,,,,,,,,,,,,,,,,,
Cloudflare,ORDER,2024-10-10T18:35:13.639Z,GBP,1773.25,SELL,NET,US18915M1071,71.35080000,0.00,25.00000000,NASDAQ - All Markets,51HZYOA06PWE,MARKET,USD,2327.68,93.10710000,1.31262306,1.30492401,59,10.52,,,,,,,,,,,,,,,,,,,,,,,
Nvidia,DIVIDEND,2024-10-03T17:45:00.000Z,GBP,0.33,,NVDA,US67066G1040,,,52.00000000,,,,USD,,,,0.76400031,0,0.00,2024-09-12,2024-10-03,52.00000000,0.01000000,0.52,0.44,15,0.08,,,,,,,,,,,,,,,
Semler Scientific,ORDER,2024-10-02T15:54:03.676Z,GBP,17.47,BUY,SMLR,US81684M1045,17.37000000,0.00,1.00000000,NASDAQ - All Markets,NEYAR2JFJ5MS,MARKET,USD,23.05,23.05170000,1.31904056,1.32686909,59,0.10,,,,,,,,,,,,,,,,,,,,,,,
September Statement,MONTHLY_STATEMENT,2024-10-01T00:00:00.000Z,,,,,,,,,,,,,,,,,,,,,,,,,,,,,,,,,,,,,,,,,
Qualcomm,DIVIDEND,2024-09-26T07:05:00.000Z,GBP,22.28,,QCOM,US7475251036,,,41.31427103,,,,USD,,,,0.74652493,0,0.00,2024-09-05,2024-09-26,41.31427103,0.85000000,35.12,29.85,15,5.27,,,,,,,,,,,,,,,
FTSE All World Dis,DIVIDEND,2024-09-25T18:40:00.000Z,GBP,1.44,,VWRL,IE00B3RBWM25,,,4.00000000,,,,USD,,,,0.74593466,0,0.00,2024-09-12,2024-09-25,4.00000000,0.48503500,1.94,1.94,0,0.00,,,,,,,,,,,,,,,
S&P 500 Dis,DIVIDEND,2024-09-25T05:08:00.000Z,GBP,4.24,,VUSA,IE00B3XXRP09,,,20.00000000,,,,USD,,,,0.74621297,0,0.00,2024-09-12,2024-09-25,20.00000000,0.28448400,5.69,5.69,0,0.00,,,,,,,,,,,,,,,
UK T-Bill 21/10/24,ORDER,2024-09-20T08:02:23.000Z,GBP,252.97,BUY,GB00BSGHMX77,GB00BSGHMX77,0.99619973,0.00,253.94000000,Off-exchange Transactions - Listed Instruments,DE9IPHNK9OFL,BASIC,GBP,252.97,0.99619973,,,0,,,,,,,,,,,,,,,,,,,,,,,,
NASDAQ 100,DIVIDEND,2024-09-19T19:07:00.000Z,GBP,0.66,,EQQQ,IE0032077012,,,2.00000000,,,,USD,,,,0.75246810,0,0.00,2024-09-12,2024-09-19,2.00000000,0.44230000,0.88,0.88,0,0.00,,,,,,,,,,,,,,,
Qualcomm,ORDER,2024-09-18T15:00:09.855Z,GBP,128.89,BUY,QCOM,US7475251036,128.13000000,0.00,1.00000000,FINRA/NASDAQ Trf Carteret (Trade Reporting Facility),P9SFBDDK1R9R,BASIC,USD,169.25,169.25400000,1.31309476,1.32088800,59,0.76,,,,,,,,,,,,,,,,,,,,,,,
Alphabet,DIVIDEND,2024-09-16T20:00:00.000Z,GBP,0.51,,GOOG,US02079K1079,,,4.00000000,,,,USD,,,,0.75754706,0,0.00,2024-09-09,2024-09-16,4.00000000,0.20000000,0.80,0.68,15,0.12,,,,,,,,,,,,,,,
Interest,INTEREST_FROM_CASH,2024-09-16T00:00:00.000Z,GBP,1.78,,,,,,,,,,,,,,,,,,,,,,,,,,,,,,,,,,,,,,,
UK T-Bill 14/10/24,ORDER,2024-09-13T09:39:53.000Z,GBP,251.97,BUY,GB00BSGHKC25,GB00BSGHKC25,0.99623816,0.00,252.93000000,Off-exchange Transactions - Listed Instruments,Q64TOC6U6HWO,BASIC,GBP,251.97,0.99623816,,,0,,,,,,,,,,,,,,,,,,,,,,,,
Microsoft,DIVIDEND,2024-09-12T23:11:00.000Z,GBP,4.34,,MSFT,US5949181045,,,9.00000000,,,,USD,,,,0.75724303,0,0.00,2024-08-15,2024-09-12,9.00000000,0.75000000,6.75,5.74,15,1.01,,,,,,,,,,,,,,,
Banco Bradesco ADR,SPECIAL_DIVIDEND,2024-09-12T17:58:00.000Z,GBP,1.18,,BBD,US0594603039,,,618.00000000,,,,USD,,,,0.76133630,0,0.00,2024-08-05,2024-09-12,618.00000000,0.00295170,1.82,1.55,15,0.27,,,,,,,,,,,,,,,
Vale ADR,SPECIAL_DIVIDEND,2024-09-11T15:59:00.000Z,GBP,54.42,,VALE,US91912E1055,,,229.27135298,,,,USD,,,,0.76426306,0,0.00,2024-08-05,2024-09-11,229.27135298,0.36543050,83.78,71.22,15,12.57,,,,,,,,,,,,,,,
Qualcomm,ORDER,2024-09-11T15:00:26.054Z,GBP,123.75,BUY,QCOM,US7475251036,123.02000000,0.00,1.00000000,FINRA/NASDAQ Trf Carteret (Trade Reporting Facility),N5S0CTURQO26,BASIC,USD,160.08,160.08330000,1.29357650,1.30125390,59,0.73,,,,,,,,,,,,,,,,,,,,,,,
Apple,ORDER,2024-09-11T15:00:20.061Z,GBP,168.82,BUY,AAPL,US0378331005,167.83000000,0.00,1.00000000,Citadel Securities,XXIV1M4AA8QX,BASIC,USD,218.40,218.39920000,1.29361627,1.30129390,59,0.99,,,,,,,,,,,,,,,,,,,,,,,
Raspberry PI,ORDER,2024-09-11T08:48:01.173Z,GBP,126.03,BUY,RPI,GB00BS3DYQ52,3.30000000,0.63,38.00000000,London Stock Exchange,0JFDJMBPMT26,LIMIT,GBP,125.40,3.30000000,,,0,,,,,,,,,,,,,,,,,,,,,,,,
Lloyds,DIVIDEND,2024-09-10T19:16:00.000Z,GBP,57.86,,LLOY,GB0008706128,,,5459.00000000,,,,GBP,,,,,,,2024-08-01,2024-09-10,5459.00000000,0.01060000,,,0,0.00,,,,,,,,,,,,,,,
Honeywell,DIVIDEND,2024-09-06T05:03:00.000Z,GBP,3.49,,HON,US4385161066,,,5.00000000,,,,USD,,,,0.76156242,0,0.00,2024-08-16,2024-09-06,5.00000000,1.08000000,5.40,4.59,15,0.81,,,,,,,,,,,,,,,
Raspberry PI,ORDER,2024-09-05T08:28:03.727Z,GBP,69.29,BUY,RPI,GB00BS3DYQ52,3.83055556,0.34,18.00000000,London Stock Exchange,584B5E198YKF,MARKET,GBP,68.95,3.83055556,,,0,,,,,,,,,,,,,,,,,,,,,,,,
Apple,ORDER,2024-09-04T15:00:39.077Z,GBP,167.60,BUY,AAPL,US0378331005,166.62000000,0.00,1.00000000,"Jane Street Capital, LLC",AXWL72JZUD4Z,BASIC,USD,219.25,219.24500000,1.30807954,1.31584301,59,0.98,,,,,,,,,,,,,,,,,,,,,,,
Qualcomm,ORDER,2024-09-04T15:00:24.072Z,GBP,128.17,BUY,QCOM,US7475251036,127.42000000,0.00,1.00000000,FINRA/NASDAQ Trf Carteret (Trade Reporting Facility),GLW7ZDUD0WZS,BASIC,USD,167.67,167.67170000,1.30807853,1.31584200,59,0.75,,,,,,,,,,,,,,,,,,,,,,,
Lloyds,ORDER,2024-09-04T10:00:33.498Z,GBP,51.64,BUY,LLOY,GB0008706128,0.57088889,0.26,90.00000000,London Stock Exchange,F6E41SGMTHUM,BASIC,GBP,51.38,0.57088889,,,0,,,,,,,,,,,,,,,,,,,,,,,,
Raspberry PI,ORDER,2024-09-04T07:33:28.941Z,GBP,246.33,BUY,RPI,GB00BS3DYQ52,3.89047619,1.23,63.00000000,London Stock Exchange,ZLDT95CF5E4D,LIMIT,GBP,245.10,3.89047619,,,0,,,,,,,,,,,,,,,,,,,,,,,,
August Statement,MONTHLY_STATEMENT,2024-09-01T00:00:00.000Z,,,,,,,,,,,,,,,,,,,,,,,,,,,,,,,,,,,,,,,,,
Raspberry PI,ORDER,2024-08-28T15:21:40.775Z,GBP,48.14,BUY,RPI,GB00BS3DYQ52,3.99166667,0.24,12.00000000,London Stock Exchange,MTB4VW3UWFO8,MARKET,GBP,47.90,3.99166667,,,0,,,,,,,,,,,,,,,,,,,,,,,,
Qualcomm,ORDER,2024-08-28T15:00:13.886Z,GBP,130.69,BUY,QCOM,US7475251036,129.92000000,0.00,1.00000000,FINRA/NASDAQ Trf Carteret (Trade Reporting Facility),A6I0XKNXHPD5,BASIC,USD,171.64,171.64280000,1.31328763,1.32108201,59,0.77,,,,,,,,,,,,,,,,,,,,,,,
Lloyds,ORDER,2024-08-28T10:00:18.991Z,GBP,51.47,BUY,LLOY,GB0008706128,0.57539326,0.26,89.00000000,London Stock Exchange,GBJKGMMKG5C6,BASIC,GBP,51.21,0.57539326,,,0,,,,,,,,,,,,,,,,,,,,,,,,
S&P 500 ETF,ORDER,2024-08-27T09:05:07.180Z,GBP,186.16,BUY,XDPG,IE00BM67HX07,93.08000000,0.00,2.00000000,AQST,ZP20KOZT5GH0,BASIC,GBP,186.16,93.08000000,,,0,,,,,,,,,,,,,,,,,,,,,,,,
S&P 500,ORDER,2024-08-27T09:04:07.448Z,GBP,242.17,BUY,VUSA,IE00B3XXRP09,80.72333333,0.00,3.00000000,AQST,O0RUKJQWFJH9,BASIC,GBP,242.17,80.72333333,,,0,,,,,,,,,,,,,,,,,,,,,,,,
Astera Labs,ORDER,2024-08-26T19:27:33.681Z,GBP,265.74,BUY,ALAB,US04626A1034,33.02250000,0.00,8.00000000,FINRA/NASDAQ Trf Carteret (Trade Reporting Facility),9GBKKUU2XORP,MARKET,USD,348.36,43.54520000,1.31084213,1.31862200,59,1.56,,,,,,,,,,,,,,,,,,,,,,,
Qualcomm,ORDER,2024-08-26T19:26:38.713Z,GBP,259.36,BUY,QCOM,US7475251036,128.92000000,0.00,2.00000000,FINRA/NASDAQ Trf Carteret (Trade Reporting Facility),JPCLV5PMML32,MARKET,USD,339.99,169.99400000,1.31083219,1.31861200,59,1.52,,,,,,,,,,,,,,,,,,,,,,,
Novo Nordisk ADR,DIVIDEND,2024-08-26T15:37:00.000Z,GBP,3.29,,NVO,US6701002056,,,12.00000000,,,,USD,,,,0.75750116,0,0.00,2024-08-16,2024-08-26,12.00000000,0.49635400,5.96,4.35,27,1.61,,,,,,,,,,,,,,,
Nubank,ORDER,2024-08-23T19:14:30.794Z,GBP,1092.14,SELL,NU,KYG6683N1034,10.87742574,0.00,101.00000000,FINRA/NASDAQ Trf Carteret (Trade Reporting Facility),8T30OG2SZFX6,MARKET,USD,1451.49,14.37120000,1.32899005,1.32119500,59,6.48,,,,,,,,,,,,,,,,,,,,,,,
UK T-Bill 23/09/24,ORDER,2024-08-23T07:57:51.000Z,GBP,252.03,BUY,GB00BXRJ4080,GB00BXRJ4080,0.99632027,0.00,252.97000000,Off-exchange Transactions - Listed Instruments,TR89XGW7359T,BASIC,GBP,252.03,0.99632027,,,0,,,,,,,,,,,,,,,,,,,,,,,,
Raspberry PI,ORDER,2024-08-22T13:42:11.654Z,GBP,48.81,BUY,RPI,GB00BS3DYQ52,4.04750000,0.24,12.00000000,London Stock Exchange,WVWM3H7BZS0L,MARKET,GBP,48.57,4.04750000,,,0,,,,,,,,,,,,,,,,,,,,,,,,
Qualcomm,ORDER,2024-08-21T15:00:33.283Z,GBP,133.01,BUY,QCOM,US7475251036,132.23000000,0.00,1.00000000,FINRA/NASDAQ Trf Carteret (Trade Reporting Facility),QQC4KITM9E6S,BASIC,USD,172.69,172.69330000,1.29823694,1.30594200,59,0.78,,,,,,,,,,,,,,,,,,,,,,,
Lloyds,ORDER,2024-08-21T10:00:27.398Z,GBP,51.50,BUY,LLOY,GB0008706128,0.58227273,0.26,88.00000000,London Stock Exchange,WANHNGRU3UHW,BASIC,GBP,51.24,0.58227273,,,0,,,,,,,,,,,,,,,,,,,,,,,,
Banco Bradesco ADR,ORDER,2024-08-20T14:26:50.523Z,GBP,1340.25,SELL,BBD,US0594603039,2.18155340,0.00,618.00000000,FINRA/NASDAQ Trf Carteret (Trade Reporting Facility),T4HZBOJ5DSM8,MARKET,USD,1755.74,2.84100000,1.30996727,1.30228380,59,7.95,,,,,,,,,,,,,,,,,,,,,,,
UK T-Bill 16/09/24,ORDER,2024-08-16T07:34:41.000Z,GBP,251.00,BUY,GB00BP24ST95,GB00BP24ST95,0.99618467,0.00,251.97000000,Off-exchange Transactions - Listed Instruments,A0BTSXUKQQZZ,BASIC,GBP,251.00,0.99618467,,,0,,,,,,,,,,,,,,,,,,,,,,,,
Apple,DIVIDEND,2024-08-15T03:28:00.000Z,GBP,12.98,,AAPL,US0378331005,,,79.31341892,,,,USD,,,,0.77031514,0,0.00,2024-08-12,2024-08-15,79.31341892,0.25000000,19.83,16.85,15,2.97,,,,,,,,,,,,,,,
Interest,INTEREST_FROM_CASH,2024-08-15T00:00:00.000Z,GBP,2.72,,,,,,,,,,,,,,,,,,,,,,,,,,,,,,,,,,,,,,,
Vale ADR,ORDER,2024-08-14T15:00:28.752Z,GBP,15.95,BUY,VALE,US91912E1055,7.93000000,0.00,2.00000000,FINRA/NASDAQ Trf Carteret (Trade Reporting Facility),FGGV1DAJ2G7S,BASIC,USD,20.38,10.18880000,1.27760041,1.28518299,59,0.09,,,,,,,,,,,,,,,,,,,,,,,
Lloyds,ORDER,2024-08-14T10:00:32.295Z,GBP,31.61,BUY,LLOY,GB0008706128,0.57181818,0.16,55.00000000,London Stock Exchange,3DP993BJ7SEG,BASIC,GBP,31.45,0.57181818,,,0,,,,,,,,,,,,,,,,,,,,,,,,
Costco,DIVIDEND,2024-08-09T05:31:00.000Z,GBP,0.83,,COST,US22160K1051,,,1.08363756,,,,USD,,,,0.78349029,0,0.00,2024-07-26,2024-08-09,1.08363756,1.16000000,1.26,1.07,15,0.19,,,,,,,,,,,,,,,
Banco Bradesco ADR,SPECIAL_DIVIDEND,2024-08-08T14:30:00.000Z,GBP,1.05,,BBD,US0594603039,,,538.00000000,,,,USD,,,,0.78352713,0,0.00,2024-07-03,2024-08-08,538.00000000,0.00295400,1.59,1.35,15,0.24,,,,,,,,,,,,,,,
Super Micro Computer,ORDER,2024-08-07T18:32:09.012Z,GBP,393.49,BUY,SMCI,US86800U1043,391.18000000,0.00,1.00000000,FINRA/NASDAQ Trf Carteret (Trade Reporting Facility),TEBEIZT53P99,MARKET,USD,496.39,496.39460000,1.26147711,1.26896400,59,2.31,,,,,,,,,,,,,,,,,,,,,,,
Spotify,ORDER,2024-08-07T18:31:10.587Z,GBP,254.24,SELL,SPOT,LU1778762911,255.75000000,0.00,1.00000000,FINRA/NASDAQ Trf Carteret (Trade Reporting Facility),T01TYY5HH74L,MARKET,USD,324.71,324.70910000,1.27714657,1.26965560,59,1.51,,,,,,,,,,,,,,,,,,,,,,,
Qualcomm,ORDER,2024-08-07T15:00:42.957Z,GBP,128.52,BUY,QCOM,US7475251036,127.77000000,0.00,1.00000000,FINRA/NASDAQ Trf Carteret (Trade Reporting Facility),BG9QHI2QEO9S,BASIC,USD,162.52,162.51810000,1.26442023,1.27192459,59,0.75,,,,,,,,,,,,,,,,,,,,,,,
Vale ADR,ORDER,2024-08-07T15:00:31.967Z,GBP,16.18,BUY,VALE,US91912E1055,8.04500000,0.00,2.00000000,FINRA/NASDAQ Trf Carteret (Trade Reporting Facility),F6VQM4ADUZ5Z,BASIC,USD,20.46,10.22880000,1.26438983,1.27189400,59,0.09,,,,,,,,,,,,,,,,,,,,,,,
Apple,ORDER,2024-08-07T15:00:26.971Z,GBP,168.54,BUY,AAPL,US0378331005,167.55000000,0.00,1.00000000,FINRA/NASDAQ Trf Carteret (Trade Reporting Facility),240TD53RYIPE,BASIC,USD,213.11,213.10640000,1.26438983,1.27189400,59,0.99,,,,,,,,,,,,,,,,,,,,,,,
Lloyds,ORDER,2024-08-07T10:00:41.979Z,GBP,31.61,BUY,LLOY,GB0008706128,0.56160714,0.16,56.00000000,London Stock Exchange,SZ8V6ONESVD7,BASIC,GBP,31.45,0.56160714,,,0,,,,,,,,,,,,,,,,,,,,,,,,
AMD,ORDER,2024-08-05T14:58:32.487Z,GBP,105.92,BUY,AMD,US0079031078,105.30000000,0.00,1.00000000,Citadel Securities,YZ81SEL08MBD,MARKET,USD,134.31,134.30840000,1.26791789,1.27544300,59,0.62,,,,,,,,,,,,,,,,,,,,,,,
Moderna,ORDER,2024-08-05T14:58:05.522Z,GBP,194.08,BUY,MRNA,US60770K1079,64.31333333,0.00,3.00000000,"Jane Street Capital, LLC",TE7OAP48AL4P,MARKET,USD,246.09,82.03010000,1.26792783,1.27545300,59,1.14,,,,,,,,,,,,,,,,,,,,,,,
Alphabet,ORDER,2024-08-05T14:57:22.474Z,GBP,258.99,BUY,GOOG,US02079K1079,128.73500000,0.00,2.00000000,"Jane Street Capital, LLC",NP02EAHZYQ9U,MARKET,USD,328.27,164.13500000,1.26746121,1.27498361,59,1.52,,,,,,,,,,,,,,,,,,,,,,,
Palantir,ORDER,2024-08-05T14:56:40.295Z,GBP,545.43,SELL,PLTR,US69608A1088,18.28900000,0.00,30.00000000,INTL,UULQ1S99F9AM,MARKET,USD,699.64,23.32130000,1.28266937,1.27514601,59,3.24,,,,,,,,,,,,,,,,,,,,,,,
Top up,TOP_UP,2024-08-05T14:55:51.088Z,GBP,500.00,,,,,,,,,,,,,,,,,,,,,,,,,,,,,,,,,,,,,,,
Raspberry PI,ORDER,2024-08-05T14:52:11.120Z,GBP,26.97,BUY,RPI,GB00BS3DYQ52,3.35500000,0.13,8.00000000,London Stock Exchange,5PJL6BIFTDOF,MARKET,GBP,26.84,3.35500000,,,0,,,,,,,,,,,,,,,,,,,,,,,,
Nvidia,ORDER,2024-08-05T14:50:54.422Z,GBP,78.21,BUY,NVDA,US67066G1040,77.75000000,0.00,1.00000000,Citadel Securities,UE472QQ56JXS,MARKET,USD,99.16,99.15890000,1.26778935,1.27531370,59,0.46,,,,,,,,,,,,,,,,,,,,,,,
July Statement,MONTHLY_STATEMENT,2024-08-01T00:00:00.000Z,,,,,,,,,,,,,,,,,,,,,,,,,,,,,,,,,,,,,,,,,
Qualcomm,ORDER,2024-07-31T15:00:32.193Z,GBP,137.35,BUY,QCOM,US7475251036,136.54000000,0.00,1.00000000,FINRA/NASDAQ Trf Carteret (Trade Reporting Facility),8PGNOSII2T6Z,BASIC,USD,175.35,175.34690000,1.27666994,1.28424700,59,0.81,,,,,,,,,,,,,,,,,,,,,,,
Vale ADR,ORDER,2024-07-31T15:00:16.207Z,GBP,16.87,BUY,VALE,US91912E1055,8.38500000,0.00,2.00000000,FINRA/NASDAQ Trf Carteret (Trade Reporting Facility),HNJR0CWOQYAQ,BASIC,USD,21.54,10.76880000,1.27659041,1.28416700,59,0.10,,,,,,,,,,,,,,,,,,,,,,,
Lloyds,ORDER,2024-07-31T10:00:30.931Z,GBP,31.41,BUY,LLOY,GB0008706128,0.60096154,0.16,52.00000000,London Stock Exchange,4D7X6T0R3RXN,BASIC,GBP,31.25,0.60096154,,,0,,,,,,,,,,,,,,,,,,,,,,,,
Nvidia,ORDER,2024-07-30T16:17:23.066Z,GBP,247.27,BUY,NVDA,US67066G1040,81.94000000,0.00,3.00000000,"Jane Street Capital, LLC",AJM4LPA3BGIC,MARKET,USD,315.41,105.13500000,1.27552176,1.28309200,59,1.45,,,,,,,,,,,,,,,,,,,,,,,
Raspberry PI,ORDER,2024-07-30T09:04:03.930Z,GBP,39.12,BUY,RPI,GB00BS3DYQ52,3.89300000,0.19,10.00000000,London Stock Exchange,3YK89A8PMURG,BASIC,GBP,38.93,3.89300000,,,0,,,,,,,,,,,,,,,,,,,,,,,,
Nvidia,ORDER,2024-07-26T14:50:01.265Z,GBP,176.42,BUY,NVDA,US67066G1040,87.69500000,0.00,2.00000000,Hudson River Trading (Hrt),SAKRH12JEPK8,MARKET,USD,225.40,112.69760000,1.27753184,1.28511401,59,1.03,,,,,,,,,,,,,,,,,,,,,,,
BNP Paribas,ORDER,2024-07-26T14:49:21.882Z,GBP,165.18,BUY,BNPp,FR0000131104,54.73666667,0.00,3.00000000,CBOE Europe (NL),6V25WEV1TVD3,MARKET,EUR,194.43,64.81000000,1.17702080,1.18400644,59,0.97,,,,,,,,,,,,,,,,,,,,,,,
UK T-Bill 27/08/24,ORDER,2024-07-26T08:17:39.000Z,GBP,251.00,BUY,GB00BP24LW30,GB00BP24LW30,0.99592265,0.00,252.03000000,Off-exchange Transactions - Listed Instruments,25TE9UXU3PEI,BASIC,GBP,251.00,0.99592265,,,0,,,,,,,,,,,,,,,,,,,,,,,,
Vale ADR,ORDER,2024-07-24T15:00:36.489Z,GBP,16.79,BUY,VALE,US91912E1055,8.34500000,0.00,2.00000000,FINRA/NASDAQ Trf Carteret (Trade Reporting Facility),54DWN5CEQ27E,BASIC,USD,21.56,10.77880000,1.28395174,1.29157201,59,0.10,,,,,,,,,,,,,,,,,,,,,,,
Qualcomm,ORDER,2024-07-24T15:00:35.502Z,GBP,143.81,BUY,QCOM,US7475251036,142.97000000,0.00,1.00000000,FINRA/NASDAQ Trf Carteret (Trade Reporting Facility),6R34KTGL5C51,BASIC,USD,184.65,184.64690000,1.28395174,1.29157201,59,0.84,,,,,,,,,,,,,,,,,,,,,,,
Lloyds,ORDER,2024-07-24T10:00:28.976Z,GBP,31.82,BUY,LLOY,GB0008706128,0.59735849,0.16,53.00000000,London Stock Exchange,UJ437LFXMI6U,BASIC,GBP,31.66,0.59735849,,,0,,,,,,,,,,,,,,,,,,,,,,,,
Alphabet,ORDER,2024-07-23T18:24:52.420Z,GBP,288.05,BUY,GOOG,US02079K1079,143.18000000,0.00,2.00000000,"Jane Street Capital, LLC",C517TXVG5OYC,MARKET,USD,369.52,184.75970000,1.28279757,1.29041099,59,1.69,,,,,,,,,,,,,,,,,,,,,,,
Coinbase,ORDER,2024-07-23T18:23:12.343Z,GBP,400.25,SELL,COIN,US19260Q1076,201.31500000,0.00,2.00000000,FINRA/NASDAQ Trf Carteret (Trade Reporting Facility),7U223CCINUK2,MARKET,USD,519.73,259.86530000,1.29843986,1.29082400,59,2.38,,,,,,,,,,,,,,,,,,,,,,,
Vale ADR,ORDER,2024-07-23T18:21:28.401Z,GBP,83.95,BUY,VALE,US91912E1055,8.34600000,0.00,10.00000000,FINRA/NASDAQ Trf Carteret (Trade Reporting Facility),XUXHSX955ALD,MARKET,USD,107.69,10.76880000,1.28271806,1.29033101,59,0.49,,,,,,,,,,,,,,,,,,,,,,,
CrowdStrike,ORDER,2024-07-22T14:29:31.193Z,GBP,423.08,BUY,CRWD,US22788C1053,210.30000000,0.00,2.00000000,FINRA/NASDAQ Trf Carteret (Trade Reporting Facility),XOOGZOAOM71Q,MARKET,USD,542.98,271.48810000,1.28334334,1.29096000,59,2.48,,,,,,,,,,,,,,,,,,,,,,,
UK T-Bill 19/08/24,ORDER,2024-07-19T08:12:48.000Z,GBP,250.00,BUY,GB00BP24HW51,GB00BP24HW51,0.99604763,0.00,251.00000000,Off-exchange Transactions - Listed Instruments,AEL6I3RK5MHR,BASIC,GBP,250.00,0.99604763,,,0,,,,,,,,,,,,,,,,,,,,,,,,
Vale ADR,ORDER,2024-07-18T18:02:55.023Z,GBP,179.34,BUY,VALE,US91912E1055,8.49000000,0.00,21.00000000,"Jane Street Capital, LLC",Q9VFRWGUKIHO,LIMIT,USD,231.00,11.00000000,1.28802455,1.29566900,59,1.05,,,,,,,,,,,,,,,,,,,,,,,
S&P 500,ORDER,2024-07-18T09:02:06.931Z,GBP,245.74,BUY,VUSA,IE00B3XXRP09,81.91333333,0.00,3.00000000,AQST,4SUWBC6JZ5DN,BASIC,GBP,245.74,81.91333333,,,0,,,,,,,,,,,,,,,,,,,,,,,,
Raspberry PI,ORDER,2024-07-18T08:10:05.963Z,GBP,99.89,BUY,RPI,GB00BS3DYQ52,3.82269231,0.50,26.00000000,London Stock Exchange,5XYSBS18YKBJ,MARKET,GBP,99.39,3.82269231,,,0,,,,,,,,,,,,,,,,,,,,,,,,
Apple,ORDER,2024-07-17T18:56:46.300Z,GBP,177.34,BUY,AAPL,US0378331005,176.30000000,0.00,1.00000000,Citadel Securities,XWOFPQO9TY9M,MARKET,USD,229.24,229.23830000,1.29259076,1.30026231,59,1.04,,,,,,,,,,,,,,,,,,,,,,,
Qualcomm,ORDER,2024-07-17T18:56:10.263Z,GBP,444.93,BUY,QCOM,US7475251036,147.44000000,0.00,3.00000000,FINRA/NASDAQ Trf Carteret (Trade Reporting Facility),UCOUI3Z9XYS9,MARKET,USD,575.14,191.71400000,1.29259940,1.30027100,59,2.61,,,,,,,,,,,,,,,,,,,,,,,
Nvidia,ORDER,2024-07-17T18:55:45.342Z,GBP,364.53,BUY,NVDA,US67066G1040,90.59750000,0.00,4.00000000,Citadel Securities,FUTIBTNB6L27,MARKET,USD,471.20,117.79970000,1.29258946,1.30026100,59,2.14,,,,,,,,,,,,,,,,,,,,,,,
AMD,ORDER,2024-07-17T18:53:57.259Z,GBP,249.48,BUY,AMD,US0079031078,124.01000000,0.00,2.00000000,"Two Sigma Securities, LLC",6PV56IT9FDTK,MARKET,USD,322.50,161.25000000,1.29262058,1.30029230,59,1.46,,,,,,,,,,,,,,,,,,,,,,,
Vale ADR,ORDER,2024-07-17T15:00:34.189Z,GBP,34.98,BUY,VALE,US91912E1055,8.69250000,0.00,4.00000000,FINRA/NASDAQ Trf Carteret (Trade Reporting Facility),DRPFPYOXE8HW,BASIC,USD,45.24,11.30880000,1.29337480,1.30105100,59,0.21,,,,,,,,,,,,,,,,,,,,,,,
Lloyds,ORDER,2024-07-17T10:00:28.138Z,GBP,39.72,BUY,LLOY,GB0008706128,0.58985075,0.20,67.00000000,London Stock Exchange,672LQVEZCPWG,BASIC,GBP,39.52,0.58985075,,,0,,,,,,,,,,,,,,,,,,,,,,,,
Nvidia,ORDER,2024-07-16T18:08:28.846Z,GBP,488.24,BUY,NVDA,US67066G1040,97.07600000,0.00,5.00000000,FINRA/NASDAQ Trf Carteret (Trade Reporting Facility),WRJY0WIRHWWI,MARKET,USD,628.99,125.79760000,1.28822637,1.29587201,59,2.86,,,,,,,,,,,,,,,,,,,,,,,
QuantumScape,ORDER,2024-07-16T16:45:39.892Z,GBP,1013.12,SELL,QS,US74767V1098,6.79420000,0.00,150.00000000,FINRA/NASDAQ Trf Carteret (Trade Reporting Facility),P3AQ8HVQ95QV,MARKET,USD,1320.18,8.80120000,1.30304689,1.29540401,59,6.01,,,,,,,,,,,,,,,,,,,,,,,
Palantir,ORDER,2024-07-16T14:01:06.791Z,GBP,108.56,BUY,PLTR,US69608A1088,21.58400000,0.00,5.00000000,FINRA/NASDAQ Trf Carteret (Trade Reporting Facility),W7O8V1SSAKRT,BASIC,USD,139.79,27.95880000,1.28766867,1.29531100,59,0.64,,,,,,,,,,,,,,,,,,,,,,,
Raspberry PI,ORDER,2024-07-16T08:31:53.718Z,GBP,196.34,BUY,RPI,GB00BS3DYQ52,3.90720000,0.98,50.00000000,London Stock Exchange,5VWIULRD3HWD,MARKET,GBP,195.36,3.90720000,,,0,,,,,,,,,,,,,,,,,,,,,,,,
Interest,INTEREST_FROM_CASH,2024-07-15T00:00:00.000Z,GBP,2.18,,,,,,,,,,,,,,,,,,,,,,,,,,,,,,,,,,,,,,,
Regional REIT,DIVIDEND,2024-07-12T18:08:00.000Z,GBP,11.82,,RGL,GG00BYV2ZQ34,,,1232.00000000,,,,GBP,,,,,,,2024-05-30,2024-07-12,1232.00000000,0.01200000,,,20,2.96,,,,,,,,,,,,,,,
Banco Bradesco ADR,ORDER,2024-07-11T16:30:04.778Z,GBP,145.83,BUY,BBD,US0594603039,1.81212500,0.00,80.00000000,FINRA/NASDAQ Trf Carteret (Trade Reporting Facility),CNB2A9FA2671,MARKET,USD,187.14,2.33920000,1.28325485,1.29087099,59,0.86,,,,,,,,,,,,,,,,,,,,,,,
Allbirds,ORDER,2024-07-11T14:54:51.843Z,GBP,239.31,SELL,BIRD,US01675A1097,0.48051146,0.00,500.98701472,Multiple,W6RF8PGB9WGU,MARKET,USD,311.06,0.62089800,1.29979784,1.29217401,59,1.42,,,,,,,,,,,,,,,,,,,,,,,
Allbirds,ORDER,2024-07-11T14:05:27.102Z,GBP,491.89,SELL,BIRD,US01675A1097,0.49481000,0.00,1000.00000000,NOT_YET_KNOWN,QLGHBJEJLSUJ,LIMIT,USD,640.00,0.64000000,1.30104515,1.29341401,59,2.92,,,,,,,,,,,,,,,,,,,,,,,
S&P 500,ORDER,2024-07-11T09:02:16.869Z,GBP,165.88,BUY,VUSA,IE00B3XXRP09,82.94000000,0.00,2.00000000,AQST,1QQ0NH1WX2R1,BASIC,GBP,165.88,82.94000000,,,0,,,,,,,,,,,,,,,,,,,,,,,,
Raspberry PI,ORDER,2024-07-11T09:02:15.546Z,GBP,48.99,BUY,RPI,GB00BS3DYQ52,4.06250000,0.24,12.00000000,London Stock Exchange,2WYPBLLD861Q,BASIC,GBP,48.75,4.06250000,,,0,,,,,,,,,,,,,,,,,,,,,,,,
Nvidia,ORDER,2024-07-10T19:44:18.027Z,GBP,105.46,BUY,NVDA,US67066G1040,104.84000000,0.00,1.00000000,FINRA/NASDAQ Trf Carteret (Trade Reporting Facility),RXDR1UVT2AFS,MARKET,USD,134.62,134.61760000,1.27650591,1.28408199,59,0.62,,,,,,,,,,,,,,,,,,,,,,,
AMD,ORDER,2024-07-10T19:42:47.028Z,GBP,287.38,BUY,AMD,US0079031078,142.84500000,0.00,2.00000000,Hudson River Trading (Hrt),FH40SI6SJXK0,MARKET,USD,366.85,183.42680000,1.27649598,1.28407200,59,1.69,,,,,,,,,,,,,,,,,,,,,,,
Allbirds,ORDER,2024-07-10T18:50:53.154Z,GBP,3372.96,SELL,BIRD,US01675A1097,0.48264296,0.00,7030.00000000,NYSE Arca,EVQBRL6Q4QBD,LIMIT,USD,4358.60,0.62000000,1.29217410,1.28459499,59,20.02,,,,,,,,,,,,,,,,,,,,,,,
Vale ADR,ORDER,2024-07-10T15:00:16.220Z,GBP,36.16,BUY,VALE,US91912E1055,8.98750000,0.00,4.00000000,FINRA/NASDAQ Trf Carteret (Trade Reporting Facility),HMDJHZNRKMSD,BASIC,USD,46.12,11.52880000,1.27525334,1.28282199,59,0.21,,,,,,,,,,,,,,,,,,,,,,,
Lloyds,ORDER,2024-07-10T10:00:34.808Z,GBP,39.84,BUY,LLOY,GB0008706128,0.58294118,0.20,68.00000000,London Stock Exchange,ZJ4A80TZI2ZU,BASIC,GBP,39.64,0.58294118,,,0,,,,,,,,,,,,,,,,,,,,,,,,
Banco Bradesco ADR,SPECIAL_DIVIDEND,2024-07-09T13:44:00.000Z,GBP,1.06,,BBD,US0594603039,,,538.00000000,,,,USD,,,,0.77009565,0,0.00,2024-06-05,2024-07-09,538.00000000,0.00302350,1.63,1.38,15,0.24,,,,,,,,,,,,,,,
Vale ADR,ORDER,2024-07-03T15:00:26.078Z,GBP,36.58,BUY,VALE,US91912E1055,9.09250000,0.00,4.00000000,FINRA/NASDAQ Trf Carteret (Trade Reporting Facility),NIGJVISDLSMK,BASIC,USD,46.40,11.59880000,1.26818332,1.27571001,59,0.21,,,,,,,,,,,,,,,,,,,,,,,
Lloyds,ORDER,2024-07-03T10:00:14.880Z,GBP,39.98,BUY,LLOY,GB0008706128,0.55250000,0.20,72.00000000,London Stock Exchange,DKGL46IIRTXK,BASIC,GBP,39.78,0.55250000,,,0,,,,,,,,,,,,,,,,,,,,,,,,
June Statement,MONTHLY_STATEMENT,2024-07-01T00:00:00.000Z,,,,,,,,,,,,,,,,,,,,,,,,,,,,,,,,,,,,,,,,,
Nvidia,DIVIDEND,2024-06-28T18:23:00.000Z,GBP,0.23,,NVDA,US67066G1040,,,35.00000000,,,,USD,,,,0.77866459,0,0.00,2024-06-11,2024-06-28,35.00000000,0.01000000,0.35,0.30,15,0.05,,,,,,,,,,,,,,,
Raspberry PI,ORDER,2024-06-28T12:38:38.729Z,GBP,49.27,BUY,RPI,GB00BS3DYQ52,4.08500000,0.25,12.00000000,London Stock Exchange,WF4IK23AH73Y,MARKET,GBP,49.02,4.08500000,,,0,,,,,,,,,,,,,,,,,,,,,,,,
UK T-Bill 29/07/24,ORDER,2024-06-28T07:53:59.000Z,GBP,250.00,BUY,GB00BP248T97,GB00BP248T97,0.99602448,0.00,251.00000000,Off-exchange Transactions - Listed Instruments,ZE2VDN71GDG1,BASIC,GBP,250.00,0.99602448,,,0,,,,,,,,,,,,,,,,,,,,,,,,
S&P 500,DIVIDEND,2024-06-26T22:22:00.000Z,GBP,2.42,,VUSA,IE00B3XXRP09,,,12.00000000,,,,USD,,,,0.77913174,0,0.00,2024-06-13,2024-06-26,12.00000000,0.25925400,3.11,3.11,0,0.00,,,,,,,,,,,,,,,
FTSE All World,DIVIDEND,2024-06-26T19:54:00.000Z,GBP,2.46,,VWRL,IE00B3RBWM25,,,4.00000000,,,,USD,,,,0.78112795,0,0.00,2024-06-13,2024-06-26,4.00000000,0.78885400,3.16,3.16,0,0.00,,,,,,,,,,,,,,,
Raspberry PI,ORDER,2024-06-26T15:10:44.449Z,GBP,59.15,BUY,RPI,GB00BS3DYQ52,3.92400000,0.29,15.00000000,London Stock Exchange,O59JELVUIACU,MARKET,GBP,58.86,3.92400000,,,0,,,,,,,,,,,,,,,,,,,,,,,,
Nvidia,ORDER,2024-06-26T15:09:09.681Z,GBP,98.16,BUY,NVDA,US67066G1040,97.58000000,0.00,1.00000000,FINRA/NASDAQ Trf Carteret (Trade Reporting Facility),KYPDAD4XJOXF,MARKET,USD,123.17,123.16760000,1.25476495,1.26221200,59,0.58,,,,,,,,,,,,,,,,,,,,,,,
Vale ADR,ORDER,2024-06-26T15:00:33.669Z,GBP,35.48,BUY,VALE,US91912E1055,8.81750000,0.00,4.00000000,FINRA/NASDAQ Trf Carteret (Trade Reporting Facility),HWHU4H34V3M4,BASIC,USD,44.52,11.12880000,1.25469536,1.26214200,59,0.21,,,,,,,,,,,,,,,,,,,,,,,
Lloyds,ORDER,2024-06-26T10:00:45.657Z,GBP,39.82,BUY,LLOY,GB0008706128,0.55802817,0.20,71.00000000,London Stock Exchange,OBS66GXAYGMR,BASIC,GBP,39.62,0.55802817,,,0,,,,,,,,,,,,,,,,,,,,,,,,
NASDAQ 100,DIVIDEND,2024-06-20T16:16:00.000Z,GBP,0.64,,EQQQ,IE0032077012,,,2.00000000,,,,USD,,,,0.78877106,0,0.00,2024-06-13,2024-06-20,2.00000000,0.40690000,0.81,0.81,0,0.00,,,,,,,,,,,,,,,
Vale ADR,ORDER,2024-06-20T15:00:19.123Z,GBP,35.85,BUY,VALE,US91912E1055,8.91000000,0.00,4.00000000,FINRA/NASDAQ Trf Carteret (Trade Reporting Facility),4BEEU9KUDKE2,BASIC,USD,45.20,11.29880000,1.26080510,1.26828800,59,0.21,,,,,,,,,,,,,,,,,,,,,,,
Qualcomm,DIVIDEND,2024-06-20T06:17:00.000Z,GBP,16.72,,QCOM,US7475251036,,,29.31427103,,,,USD,,,,0.78973658,0,0.00,2024-05-30,2024-06-20,29.31427103,0.85000000,24.92,21.18,15,3.74,,,,,,,,,,,,,,,
Lloyds,ORDER,2024-06-19T10:00:36.069Z,GBP,39.91,BUY,LLOY,GB0008706128,0.55152778,0.20,72.00000000,London Stock Exchange,WC2TAFP15D2O,BASIC,GBP,39.71,0.55152778,,,0,,,,,,,,,,,,,,,,,,,,,,,,
Interest,INTEREST_FROM_CASH,2024-06-17T00:00:00.000Z,GBP,4.79,,,,,,,,,,,,,,,,,,,,,,,,,,,,,,,,,,,,,,,
Raspberry PI,ORDER,2024-06-14T12:11:18.113Z,GBP,395.92,BUY,RPI,GB00BS3DYQ52,4.74638554,1.97,83.00000000,London Stock Exchange,C5SUKTN9MW2X,MARKET,GBP,393.95,4.74638554,,,0,,,,,,,,,,,,,,,,,,,,,,,,
Microsoft,DIVIDEND,2024-06-13T16:47:00.000Z,GBP,4.52,,MSFT,US5949181045,,,9.00000000,,,,USD,,,,0.78872813,0,0.00,2024-05-15,2024-06-13,9.00000000,0.75000000,6.75,5.74,15,1.01,,,,,,,,,,,,,,,
Vale ADR,ORDER,2024-06-12T15:00:43.782Z,GBP,34.91,BUY,VALE,US91912E1055,8.67750000,0.00,4.00000000,FINRA/NASDAQ Trf Carteret (Trade Reporting Facility),9JQCT1RTYKAH,BASIC,USD,44.56,11.13880000,1.27619775,1.28377200,59,0.20,,,,,,,,,,,,,,,,,,,,,,,
Qualcomm,ORDER,2024-06-12T13:35:59.073Z,GBP,166.47,BUY,QCOM,US7475251036,165.49000000,0.00,1.00000000,FINRA/NASDAQ Trf Carteret (Trade Reporting Facility),0TY1C66P7RVS,MARKET,USD,212.68,212.68090000,1.27757954,1.28516200,59,0.98,,,,,,,,,,,,,,,,,,,,,,,
Apple,ORDER,2024-06-12T13:35:32.086Z,GBP,164.01,BUY,AAPL,US0378331005,163.05000000,0.00,1.00000000,Hudson River Trading (Hrt),YZO55NO3HNC1,MARKET,USD,209.58,209.58400000,1.27775848,1.28534200,59,0.96,,,,,,,,,,,,,,,,,,,,,,,
Lloyds,ORDER,2024-06-12T10:01:01.482Z,GBP,39.93,BUY,LLOY,GB0008706128,0.54424658,0.20,73.00000000,London Stock Exchange,HD39QUJ9YPWI,BASIC,GBP,39.73,0.54424658,,,0,,,,,,,,,,,,,,,,,,,,,,,,
Nvidia,ORDER,2024-06-10T15:08:49.842Z,GBP,482.23,BUY,NVDA,US67066G1040,95.88000000,0.00,5.00000000,FINRA/NASDAQ Trf Carteret (Trade Reporting Facility),LLU2VGHCR7VZ,MARKET,USD,609.73,121.94520000,1.26435702,1.27186100,59,2.83,,,,,,,,,,,,,,,,,,,,,,,
Banco Bradesco ADR,SPECIAL_DIVIDEND,2024-06-10T06:21:00.000Z,GBP,0.96,,BBD,US0594603039,,,458.00000000,,,,USD,,,,0.78263061,0,0.00,2024-05-03,2024-06-10,458.00000000,0.00318240,1.46,1.24,15,0.22,,,,,,,,,,,,,,,
Top up,TOP_UP,2024-06-07T20:07:22.902Z,GBP,2000.00,,,,,,,,,,,,,,,,,,,,,,,,,,,,,,,,,,,,,,,
Honeywell,DIVIDEND,2024-06-07T05:27:00.000Z,GBP,3.60,,HON,US4385161066,,,5.00000000,,,,USD,,,,0.78627788,0,0.00,2024-05-16,2024-06-07,5.00000000,1.08000000,5.40,4.59,15,0.81,,,,,,,,,,,,,,,
Vale ADR,ORDER,2024-06-05T15:00:41.704Z,GBP,36.27,BUY,VALE,US91912E1055,9.01500000,0.00,4.00000000,FINRA/NASDAQ Trf Carteret (Trade Reporting Facility),CILG56FSFZC0,BASIC,USD,46.00,11.49880000,1.26813559,1.27566200,59,0.21,,,,,,,,,,,,,,,,,,,,,,,
AMD,ORDER,2024-06-05T14:07:21.358Z,GBP,258.75,BUY,AMD,US0079031078,128.61500000,0.00,2.00000000,NOT_YET_KNOWN,T60XY0EVDY28,BASIC,USD,328.39,164.19640000,1.26910981,1.27664200,59,1.52,,,,,,,,,,,,,,,,,,,,,,,
Lloyds,ORDER,2024-06-05T10:00:32.441Z,GBP,39.83,BUY,LLOY,GB0008706128,0.55041667,0.20,72.00000000,London Stock Exchange,1TJOOF136FUK,BASIC,GBP,39.63,0.55041667,,,0,,,,,,,,,,,,,,,,,,,,,,,,
Vale ADR,ORDER,2024-06-04T14:11:29.414Z,GBP,182.35,BUY,VALE,US91912E1055,9.06400000,0.00,20.00000000,FINRA/NASDAQ Trf Carteret (Trade Reporting Facility),R7JPZQYUX5EJ,MARKET,USD,231.38,11.56880000,1.26884141,1.27637200,59,1.07,,,,,,,,,,,,,,,,,,,,,,,
Toyota ADR,DIVIDEND,2024-06-03T17:13:00.000Z,GBP,3.76,,TM,US8923313071,,,2.00000000,,,,USD,,,,0.78565458,0,0.00,2024-03-27,2024-06-03,2.00000000,2.83099960,5.66,4.79,15,0.87,,,,,,,,,,,,,,,
May Statement,MONTHLY_STATEMENT,2024-06-01T00:00:00.000Z,,,,,,,,,,,,,,,,,,,,,,,,,,,,,,,,,,,,,,,,,
Vale ADR,ORDER,2024-05-31T15:43:43.256Z,GBP,94.78,BUY,VALE,US91912E1055,9.42200000,0.00,10.00000000,FINRA/NASDAQ Trf Carteret (Trade Reporting Facility),STGTOB1FG3SR,MARKET,USD,119.99,11.99880000,1.26596847,1.27348201,59,0.56,,,,,,,,,,,,,,,,,,,,,,,
Cloudflare,ORDER,2024-05-31T15:43:10.250Z,GBP,265.29,BUY,NET,US18915M1071,52.74600000,0.00,5.00000000,FINRA/NASDAQ Trf Carteret (Trade Reporting Facility),516PYO6IPGFF,MARKET,USD,335.83,67.16520000,1.26586905,1.27338200,59,1.56,,,,,,,,,,,,,,,,,,,,,,,
SoundHound AI,ORDER,2024-05-30T17:38:34.512Z,GBP,196.13,BUY,SOUN,US8361001071,3.89960000,0.00,50.00000000,FINRA/NASDAQ Trf Carteret (Trade Reporting Facility),4HQPZ54Z9MZB,MARKET,USD,248.44,4.96880000,1.26663648,1.27415399,59,1.15,,,,,,,,,,,,,,,,,,,,,,,
Vale ADR,ORDER,2024-05-30T16:04:22.692Z,GBP,115.05,BUY,VALE,US91912E1055,9.53166667,0.00,12.00000000,FINRA/NASDAQ Trf Carteret (Trade Reporting Facility),WOJCDH87QQH1,MARKET,USD,145.67,12.13880000,1.26603108,1.27354500,59,0.67,,,,,,,,,,,,,,,,,,,,,,,
Allbirds,ORDER,2024-05-30T14:18:38.864Z,GBP,227.64,BUY,BIRD,US01675A1097,0.45260000,0.00,500.00000000,"Jane Street Capital, LLC",12F6JXCVQ32L,MARKET,USD,287.90,0.57580000,1.26467513,1.27218100,59,1.34,,,,,,,,,,,,,,,,,,,,,,,
Cloudflare,ORDER,2024-05-30T14:13:28.774Z,GBP,110.82,BUY,NET,US18915M1071,55.08500000,0.00,2.00000000,FINRA/NASDAQ Trf Carteret (Trade Reporting Facility),F8NHQST2MUVO,MARKET,USD,140.16,70.08170000,1.26469501,1.27220100,59,0.65,,,,,,,,,,,,,,,,,,,,,,,
Physical Gold,ORDER,2024-05-30T07:52:41.388Z,GBP,356.62,BUY,SGLD,IE00B579F325,177.26500000,0.00,2.00000000,AQSN,ODXMUOJ6LXA2,MARKET,USD,450.38,225.19000000,1.26285494,1.27035001,59,2.09,,,,,,,,,,,,,,,,,,,,,,,
Semler Scientific,ORDER,2024-05-29T15:58:05.801Z,GBP,126.54,BUY,SMLR,US81684M1045,25.16000000,0.00,5.00000000,FINRA/NASDAQ Trf Carteret (Trade Reporting Facility),2W2BAZ8J7OGN,MARKET,USD,159.89,31.97840000,1.26350209,1.27100100,59,0.74,,,,,,,,,,,,,,,,,,,,,,,
Vale ADR,ORDER,2024-05-29T15:00:52.422Z,GBP,28.96,BUY,VALE,US91912E1055,9.59666667,0.00,3.00000000,FINRA/NASDAQ Trf Carteret (Trade Reporting Facility),19ZFCJ5BWWNI,BASIC,USD,36.60,12.19880000,1.26360151,1.27110101,59,0.17,,,,,,,,,,,,,,,,,,,,,,,
Apple,ORDER,2024-05-29T15:00:41.401Z,GBP,152.00,BUY,AAPL,US0378331005,151.11000000,0.00,1.00000000,"Jane Street Capital, LLC",GH2XLQ00CIGS,BASIC,USD,192.08,192.07500000,1.26361303,1.27111259,59,0.89,,,,,,,,,,,,,,,,,,,,,,,
Vale ADR,ORDER,2024-05-29T14:58:07.428Z,GBP,193.05,BUY,VALE,US91912E1055,9.59600000,0.00,20.00000000,FINRA/NASDAQ Trf Carteret (Trade Reporting Facility),WEHE8RP2AMIM,MARKET,USD,243.98,12.19880000,1.26373074,1.27123100,59,1.13,,,,,,,,,,,,,,,,,,,,,,,
Lloyds,ORDER,2024-05-29T10:01:14.575Z,GBP,39.94,BUY,LLOY,GB0008706128,0.55194444,0.20,72.00000000,London Stock Exchange,KE696MB0K78B,BASIC,GBP,39.74,0.55194444,,,0,,,,,,,,,,,,,,,,,,,,,,,,
Astera Labs,ORDER,2024-05-28T14:24:18.795Z,GBP,279.79,BUY,ALAB,US04626A1034,55.63000000,0.00,5.00000000,FINRA/NASDAQ Trf Carteret (Trade Reporting Facility),IBEDHL6H65WH,BASIC,USD,355.45,71.08970000,1.27035143,1.27789099,59,1.64,,,,,,,,,,,,,,,,,,,,,,,
Allbirds,ORDER,2024-05-23T19:09:20.034Z,GBP,246.45,BUY,BIRD,US01675A1097,0.49000000,0.00,500.00000000,Knight Link,T3L5D73CCVLM,MARKET,USD,310.80,0.62160000,1.26107838,1.26856290,59,1.45,,,,,,,,,,,,,,,,,,,,,,,
Stellantis,ORDER,2024-05-23T14:07:48.673Z,GBP,87.53,BUY,STLA,NL00150001Q9,17.40400000,0.00,5.00000000,FINRA/NASDAQ Trf Carteret (Trade Reporting Facility),NOI3DHJ0NTGU,MARKET,USD,110.64,22.12880000,1.26397131,1.27147300,59,0.51,,,,,,,,,,,,,,,,,,,,,,,
Palantir,ORDER,2024-05-22T19:33:44.450Z,GBP,167.55,BUY,PLTR,US69608A1088,16.65700000,0.00,10.00000000,FINRA/NASDAQ Trf Carteret (Trade Reporting Facility),VOLPVT0P3OL3,MARKET,USD,211.79,21.17880000,1.26395093,1.27145250,59,0.98,,,,,,,,,,,,,,,,,,,,,,,
Cloudflare,ORDER,2024-05-22T19:32:11.472Z,GBP,59.16,BUY,NET,US18915M1071,58.81000000,0.00,1.00000000,FINRA/NASDAQ Trf Carteret (Trade Reporting Facility),VEOTS7EVDJ1O,MARKET,USD,74.77,74.76520000,1.26378145,1.27128201,59,0.35,,,,,,,,,,,,,,,,,,,,,,,
Vale ADR,ORDER,2024-05-22T15:01:22.714Z,GBP,30.36,BUY,VALE,US91912E1055,10.06000000,0.00,3.00000000,FINRA/NASDAQ Trf Carteret (Trade Reporting Facility),VKLE9UJ6U7PZ,BASIC,USD,38.40,12.79880000,1.26485506,1.27236200,59,0.18,,,,,,,,,,,,,,,,,,,,,,,
Lloyds,ORDER,2024-05-22T10:00:35.724Z,GBP,39.66,BUY,LLOY,GB0008706128,0.57188406,0.20,69.00000000,London Stock Exchange,USCUH2TDAOYB,BASIC,GBP,39.46,0.57188406,,,0,,,,,,,,,,,,,,,,,,,,,,,,
Lloyds,DIVIDEND,2024-05-21T17:41:00.000Z,GBP,72.40,,LLOY,GB0008706128,,,3935.00000000,,,,GBP,,,,,,,2024-04-11,2024-05-21,3935.00000000,0.01840000,,,0,0.00,,,,,,,,,,,,,,,
Moderna,ORDER,2024-05-20T15:59:33.994Z,GBP,219.92,BUY,MRNA,US60770K1079,109.31500000,0.00,2.00000000,FINRA/NASDAQ Trf Carteret (Trade Reporting Facility),3P6A2197GMSN,MARKET,USD,277.73,138.86690000,1.26284689,1.27034191,59,1.29,,,,,,,,,,,,,,,,,,,,,,,
Cloudflare,ORDER,2024-05-20T14:48:20.379Z,GBP,118.50,BUY,NET,US18915M1071,58.90000000,0.00,2.00000000,FINRA/NASDAQ Trf Carteret (Trade Reporting Facility),UV056L7XY736,MARKET,USD,149.67,74.83280000,1.26299659,1.27049250,59,0.70,,,,,,,,,,,,,,,,,,,,,,,
Cloudflare,ORDER,2024-05-17T18:29:48.953Z,GBP,59.34,BUY,NET,US18915M1071,58.99000000,0.00,1.00000000,FINRA/NASDAQ Trf Carteret (Trade Reporting Facility),VFFBD0EFAS80,MARKET,USD,74.92,74.91760000,1.26262977,1.27012350,59,0.35,,,,,,,,,,,,,,,,,,,,,,,
Qualcomm,ORDER,2024-05-17T14:27:09.896Z,GBP,154.20,BUY,QCOM,US7475251036,153.30000000,0.00,1.00000000,FINRA/NASDAQ Trf Carteret (Trade Reporting Facility),YLZ0CE27MBCH,MARKET,USD,194.33,194.32570000,1.26019424,1.26767351,59,0.90,,,,,,,,,,,,,,,,,,,,,,,
Lloyds,ORDER,2024-05-17T14:25:15.075Z,GBP,199.45,BUY,LLOY,GB0008706128,0.55435754,0.99,358.00000000,London Stock Exchange,5MIHQTBEB4DU,MARKET,GBP,198.46,0.55435754,,,0,,,,,,,,,,,,,,,,,,,,,,,,
Berkshire Hathaway,ORDER,2024-05-17T14:03:07.707Z,GBP,329.29,BUY,BRK.B,US0846707026,327.36000000,0.00,1.00000000,NOT_YET_KNOWN,RQ1CI2A31Y5N,BASIC,USD,415.01,415.01300000,1.26027386,1.26775361,59,1.93,,,,,,,,,,,,,,,,,,,,,,,
Apple,DIVIDEND,2024-05-16T02:36:00.000Z,GBP,12.58,,AAPL,US0378331005,,,75.31341892,,,,USD,,,,0.78618824,0,0.00,2024-05-10,2024-05-16,75.31341892,0.25000000,18.83,16.00,15,2.82,,,,,,,,,,,,,,,
Coinbase,ORDER,2024-05-15T18:06:15.734Z,GBP,170.43,BUY,COIN,US19260Q1076,169.43000000,0.00,1.00000000,FINRA/NASDAQ Trf Carteret (Trade Reporting Facility),3J06C7ORBPBK,MARKET,USD,214.82,214.81500000,1.26042307,1.26790370,59,1.00,,,,,,,,,,,,,,,,,,,,,,,
Cloudflare,ORDER,2024-05-15T18:05:14.730Z,GBP,236.26,BUY,NET,US18915M1071,58.71750000,0.00,4.00000000,FINRA/NASDAQ Trf Carteret (Trade Reporting Facility),M4RZ5PPCH20L,MARKET,USD,297.82,74.45520000,1.26055231,1.26803371,59,1.39,,,,,,,,,,,,,,,,,,,,,,,
Interest,INTEREST_FROM_CASH,2024-05-15T00:00:00.000Z,GBP,3.48,,,,,,,,,,,,,,,,,,,,,,,,,,,,,,,,,,,,,,,
Vale ADR,ORDER,2024-05-10T14:03:58.604Z,GBP,151.25,BUY,VALE,US91912E1055,10.02400000,0.00,15.00000000,FINRA/NASDAQ Trf Carteret (Trade Reporting Facility),T8EYPODVS0KV,MARKET,USD,188.38,12.55880000,1.24544824,1.25284000,59,0.89,,,,,,,,,,,,,,,,,,,,,,,
Banco Bradesco ADR,ORDER,2024-05-10T13:38:23.403Z,GBP,170.18,BUY,BBD,US0594603039,2.11475000,0.00,80.00000000,FINRA/NASDAQ Trf Carteret (Trade Reporting Facility),1F40WPF3DVA1,MARKET,USD,211.92,2.64900000,1.24526930,1.25265999,59,1.00,,,,,,,,,,,,,,,,,,,,,,,
Top up,TOP_UP,2024-05-10T06:43:45.476Z,GBP,3949.79,,,,,,,,,,,,,,,,,,,,,,,,,,,,,,,,,,,,,,,
Costco,DIVIDEND,2024-05-10T04:57:00.000Z,GBP,0.85,,COST,US22160K1051,,,1.08363756,,,,USD,,,,0.79805275,0,0.00,2024-04-25,2024-05-10,1.08363756,1.16000000,1.26,1.07,15,0.19,,,,,,,,,,,,,,,
Banco Bradesco ADR,DIVIDEND,2024-05-09T16:47:00.000Z,GBP,1.00,,BBD,US0594603039,,,458.00000000,,,,USD,,,,0.79456517,0,0.00,2024-04-02,2024-05-09,458.00000000,0.00326350,1.49,1.27,15,0.22,,,,,,,,,,,,,,,
Qualcomm,ORDER,2024-05-09T15:00:31.577Z,GBP,145.69,BUY,QCOM,US7475251036,144.84000000,0.00,1.00000000,FINRA/NASDAQ Trf Carteret (Trade Reporting Facility),8TQX6YMCKYO5,BASIC,USD,181.21,181.21400000,1.24375828,1.25114001,59,0.85,,,,,,,,,,,,,,,,,,,,,,,
Apple,ORDER,2024-05-09T15:00:29.601Z,GBP,147.36,BUY,AAPL,US0378331005,146.50000000,0.00,1.00000000,INTL,C8ESBR715CMN,BASIC,USD,183.29,183.28870000,1.24374833,1.25113000,59,0.86,,,,,,,,,,,,,,,,,,,,,,,
Vale ADR,ORDER,2024-05-09T15:00:26.570Z,GBP,30.22,BUY,VALE,US91912E1055,10.01333333,0.00,3.00000000,FINRA/NASDAQ Trf Carteret (Trade Reporting Facility),4AL3MJLKTGN2,BASIC,USD,37.59,12.52880000,1.24374833,1.25113000,59,0.18,,,,,,,,,,,,,,,,,,,,,,,
Lloyds,ORDER,2024-05-09T10:00:58.730Z,GBP,39.71,BUY,LLOY,GB0008706128,0.54123288,0.20,73.00000000,London Stock Exchange,YCQ3L1KW5KQF,BASIC,GBP,39.51,0.54123288,,,0,,,,,,,,,,,,,,,,,,,,,,,,
Regional REIT,ORDER,2024-05-08T14:57:24.254Z,GBP,299.78,BUY,RGL,GG00BYV2ZQ34,0.24332792,0.00,1232.00000000,London Stock Exchange,C6HRRIOSPXV3,MARKET,GBP,299.78,0.24332792,,,0,,,,,,,,,,,,,,,,,,,,,,,,
Robinhood,ORDER,2024-05-06T14:29:30.117Z,GBP,218.73,BUY,HOOD,US7707001027,14.49666667,0.00,15.00000000,FINRA/NASDAQ Trf Carteret (Trade Reporting Facility),M9TUZ48AOU1L,MARKET,USD,273.58,18.23880000,1.25071696,1.25813999,59,1.28,,,,,,,,,,,,,,,,,,,,,,,
Cloudflare,ORDER,2024-05-06T14:28:24.105Z,GBP,605.33,BUY,NET,US18915M1071,60.17800000,0.00,10.00000000,FINRA/NASDAQ Trf Carteret (Trade Reporting Facility),365SYX8B846I,MARKET,USD,757.23,75.72280000,1.25089591,1.25832000,59,3.55,,,,,,,,,,,,,,,,,,,,,,,
Stellantis,ORDER,2024-05-03T16:43:50.921Z,GBP,87.74,BUY,STLA,NL00150001Q9,17.44600000,0.00,5.00000000,FINRA/NASDAQ Trf Carteret (Trade Reporting Facility),UVMVM142OIBX,MARKET,USD,109.39,21.87880000,1.24664116,1.25404000,59,0.51,,,,,,,,,,,,,,,,,,,,,,,
Stellantis,DIVIDEND,2024-05-03T15:57:00.000Z,GBP,12.30,,STLA,NL00150001Q9,,,11.00000000,,,,USD,,,,0.79707315,0,0.00,2024-04-22,2024-05-03,11.00000000,1.65168000,18.17,15.44,15,2.73,,,,,,,,,,,,,,,
Vale ADR,ORDER,2024-05-03T14:30:21.875Z,GBP,80.36,BUY,VALE,US91912E1055,9.98625000,0.00,8.00000000,FINRA/NASDAQ Trf Carteret (Trade Reporting Facility),B30OE12B6JHM,MARKET,USD,100.15,12.51880000,1.24621371,1.25361001,59,0.47,,,,,,,,,,,,,,,,,,,,,,,
Novo Nordisk ADR,ORDER,2024-05-03T14:29:37.848Z,GBP,195.99,BUY,NVO,US6701002056,97.42000000,0.00,2.00000000,FINRA/NASDAQ Trf Carteret (Trade Reporting Facility),JDGWUB4NBCDX,MARKET,USD,244.17,122.08640000,1.24577630,1.25317000,59,1.15,,,,,,,,,,,,,,,,,,,,,,,
Super Micro Computer,ORDER,2024-05-01T13:47:33.491Z,GBP,606.99,BUY,SMCI,US86800U1043,603.43000000,0.00,1.00000000,FINRA/NASDAQ Trf Carteret (Trade Reporting Facility),2PKLNNLOH6NN,MARKET,USD,753.34,753.34020000,1.24107420,1.24844000,59,3.56,,,,,,,,,,,,,,,,,,,,,,,
Qualcomm,ORDER,2024-05-01T13:46:59.491Z,GBP,266.73,BUY,QCOM,US7475251036,132.58500000,0.00,2.00000000,"Two Sigma Securities, LLC",CEQ4QGBQIWM6,MARKET,USD,331.04,165.52000000,1.24104437,1.24840999,59,1.56,,,,,,,,,,,,,,,,,,,,,,,
April Statement,MONTHLY_STATEMENT,2024-05-01T00:00:00.000Z,,,,,,,,,,,,,,,,,,,,,,,,,,,,,,,,,,,,,,,,,
Qualcomm,ORDER,2024-04-30T16:37:46.966Z,GBP,268.91,BUY,QCOM,US7475251036,133.66500000,0.00,2.00000000,FINRA/NASDAQ Trf Carteret (Trade Reporting Facility),R5603V8JYM91,MARKET,USD,334.21,167.10520000,1.24279401,1.25017001,59,1.58,,,,,,,,,,,,,,,,,,,,,,,
Microsoft,ORDER,2024-04-30T16:37:13.964Z,GBP,955.18,BUY,MSFT,US5949181045,316.52666667,0.00,3.00000000,Knight Equity Markets LP,SODZNE48T8ZO,MARKET,USD,1187.15,395.71500000,1.24281388,1.25019000,59,5.60,,,,,,,,,,,,,,,,,,,,,,,
FTSE All World,ORDER,2024-04-30T09:43:07.087Z,GBP,400.12,BUY,VWRL,IE00B3RBWM25,100.03000000,0.00,4.00000000,London Stock Exchange,IDQZDW2RQ5DB,MARKET,GBP,400.12,100.03000000,,,0,,,,,,,,,,,,,,,,,,,,,,,,
Honeywell,ORDER,2024-04-29T16:32:24.626Z,GBP,462.28,BUY,HON,US4385161066,153.19000000,0.00,3.00000000,Multiple,C1Q0GCHK7G88,MARKET,USD,577.37,192.45520000,1.24891765,1.25633000,59,2.71,,,,,,,,,,,,,,,,,,,,,,,
Astera Labs,ORDER,2024-04-29T16:31:09.615Z,GBP,343.60,BUY,ALAB,US04626A1034,68.31600000,0.00,5.00000000,FINRA/NASDAQ Trf Carteret (Trade Reporting Facility),RIQVFOOSU2Z6,MARKET,USD,429.14,85.82890000,1.24890771,1.25632000,59,2.02,,,,,,,,,,,,,,,,,,,,,,,
Tesla,ORDER,2024-04-29T16:29:14.711Z,GBP,1880.47,SELL,TSLA,US88160R1014,157.63583333,0.00,12.00000000,FINRA/NASDAQ Trf Carteret (Trade Reporting Facility),12CZ89MQE7GX,MARKET,USD,2377.50,198.12480000,1.26426543,1.25685001,59,11.16,,,,,,,,,,,,,,,,,,,,,,,
Nubank,ORDER,2024-04-26T14:54:20.894Z,GBP,133.61,BUY,NU,KYG6683N1034,8.85533333,0.00,15.00000000,FINRA/NASDAQ Trf Carteret (Trade Reporting Facility),7MOC223J646D,MARKET,USD,165.58,11.03880000,1.23923512,1.24659000,59,0.78,,,,,,,,,,,,,,,,,,,,,,,
QuantumScape,ORDER,2024-04-26T14:08:18.569Z,GBP,213.16,BUY,QS,US74767V1098,4.23820000,0.00,50.00000000,NOT_YET_KNOWN,G7MX9Z55110N,BASIC,USD,264.94,5.29880000,1.24284371,1.25022001,59,1.25,,,,,,,,,,,,,,,,,,,,,,,
Apple,ORDER,2024-04-26T14:07:18.587Z,GBP,548.53,BUY,AAPL,US0378331005,136.32750000,0.00,4.00000000,NOT_YET_KNOWN,TGBOGI2IO3WK,BASIC,USD,681.60,170.39920000,1.24256535,1.24994000,59,3.22,,,,,,,,,,,,,,,,,,,,,,,
Top up,TOP_UP,2024-04-26T08:24:07.378Z,GBP,5000.00,,,,,,,,,,,,,,,,,,,,,,,,,,,,,,,,,,,,,,,
Apple,ORDER,2024-04-25T15:00:58.371Z,GBP,135.82,BUY,AAPL,US0378331005,135.02000000,0.00,1.00000000,Citadel Securities,SLSM53P0MGGW,BASIC,USD,168.60,168.59900000,1.24136248,1.24872999,59,0.80,,,,,,,,,,,,,,,,,,,,,,,
Vale ADR,ORDER,2024-04-25T15:00:55.338Z,GBP,29.02,BUY,VALE,US91912E1055,9.61666667,0.00,3.00000000,FINRA/NASDAQ Trf Carteret (Trade Reporting Facility),RRKFPS3UAJ0N,BASIC,USD,36.03,12.00880000,1.24135255,1.24872000,59,0.17,,,,,,,,,,,,,,,,,,,,,,,
Qualcomm,ORDER,2024-04-25T15:00:43.314Z,GBP,130.85,BUY,QCOM,US7475251036,130.08000000,0.00,1.00000000,FINRA/NASDAQ Trf Carteret (Trade Reporting Facility),IXN6P1TL9RGQ,BASIC,USD,162.44,162.43640000,1.24139232,1.24876000,59,0.77,,,,,,,,,,,,,,,,,,,,,,,
Palantir,ORDER,2024-04-25T14:05:03.907Z,GBP,256.98,BUY,PLTR,US69608A1088,17.03133333,0.00,15.00000000,NOT_YET_KNOWN,LXPEP3MTXECI,BASIC,USD,318.28,21.21880000,1.23850944,1.24586001,59,1.51,,,,,,,,,,,,,,,,,,,,,,,
Spotify,ORDER,2024-04-25T13:30:30.731Z,GBP,222.00,BUY,SPOT,LU1778762911,220.70000000,0.00,1.00000000,NOT_YET_KNOWN,358O5VKX4JB7,LIMIT,USD,275.00,275.00000000,1.23865854,1.24601000,59,1.30,,,,,,,,,,,,,,,,,,,,,,,
Lloyds,ORDER,2024-04-25T10:00:50.926Z,GBP,39.98,BUY,LLOY,GB0008706128,0.51662338,0.20,77.00000000,London Stock Exchange,DUPDRURCFKS6,BASIC,GBP,39.78,0.51662338,,,0,,,,,,,,,,,,,,,,,,,,,,,,
QuantumScape,ORDER,2024-04-24T17:49:14.005Z,GBP,224.56,BUY,QS,US74767V1098,4.46480000,0.00,50.00000000,FINRA/NASDAQ Trf Carteret (Trade Reporting Facility),VBVC4GXIWVYC,MARKET,USD,277.94,5.55880000,1.23767438,1.24502000,59,1.32,,,,,,,,,,,,,,,,,,,,,,,
Tesla,ORDER,2024-04-24T17:48:12.937Z,GBP,292.53,SELL,TSLA,US88160R1014,129.58423839,0.00,2.27087803,Multiple,XS6U9KLTK1SX,MARKET,USD,366.49,161.38436300,1.25277804,1.24543000,59,1.74,,,,,,,,,,,,,,,,,,,,,,,
Super Micro Computer,ORDER,2024-04-23T18:54:41.977Z,GBP,1241.32,BUY,SMCI,US86800U1043,617.02000000,0.00,2.00000000,FINRA/NASDAQ Trf Carteret (Trade Reporting Facility),SHS3I1BBPI5E,MARKET,USD,1536.04,768.01880000,1.23737616,1.24472001,59,7.28,,,,,,,,,,,,,,,,,,,,,,,
Tesla,ORDER,2024-04-23T18:53:34.962Z,GBP,234.89,BUY,TSLA,US88160R1014,116.75500000,0.00,2.00000000,Hudson River Trading (Hrt),XBGF1VJ3JDQ9,MARKET,USD,290.65,145.32680000,1.23734633,1.24469000,59,1.38,,,,,,,,,,,,,,,,,,,,,,,
Allbirds,ORDER,2024-04-22T14:29:09.854Z,GBP,353.75,SELL,BIRD,US01675A1097,0.61672444,0.00,577.00000000,NOT_YET_KNOWN,F7WCL3GQUB8F,LIMIT,USD,438.52,0.76000000,1.23957057,1.23230000,59,2.10,,,,,,,,,,,,,,,,,,,,,,,
Allbirds,ORDER,2024-04-22T13:47:52.633Z,GBP,156.67,SELL,BIRD,US01675A1097,0.53605442,0.00,294.00000000,NYSE Arca,R8DTXUIICPIQ,LIMIT,USD,194.04,0.66000000,1.23849427,1.23123001,59,0.93,,,,,,,,,,,,,,,,,,,,,,,
Allbirds,ORDER,2024-04-22T13:47:10.030Z,GBP,77.14,SELL,BIRD,US01675A1097,0.52789116,0.00,147.00000000,Hudson River Trading (Hrt),CJNMUE6KNOEG,LIMIT,USD,95.55,0.65000000,1.23852444,1.23126001,59,0.46,,,,,,,,,,,,,,,,,,,,,,,
Lloyds,ORDER,2024-04-19T09:04:03.881Z,GBP,99.57,BUY,LLOY,GB0008706128,0.50289340,0.50,197.00000000,London Stock Exchange,Z3U7060UBVZG,BASIC,GBP,99.07,0.50289340,,,0,,,,,,,,,,,,,,,,,,,,,,,,
Nubank,ORDER,2024-04-18T16:05:25.871Z,GBP,96.24,BUY,NU,KYG6683N1034,8.69818182,0.00,11.00000000,FINRA/NASDAQ Trf Carteret (Trade Reporting Facility),61N6EA7DHGTN,MARKET,USD,119.23,10.83880000,1.23875795,1.24611000,59,0.56,,,,,,,,,,,,,,,,,,,,,,,
Top up,TOP_UP,2024-04-17T12:37:37.869Z,GBP,1500.00,,,,,,,,,,,,,,,,,,,,,,,,,,,,,,,,,,,,,,,
Interest,INTEREST_FROM_CASH,2024-04-16T00:00:00.000Z,GBP,4.41,,,,,,,,,,,,,,,,,,,,,,,,,,,,,,,,,,,,,,,
Allbirds,ORDER,2024-04-15T15:12:09.830Z,GBP,68.29,BUY,BIRD,US01675A1097,0.46183673,0.00,147.00000000,"Jane Street Capital, LLC",23GXCVR1EPX7,MARKET,USD,84.53,0.57500000,1.23781356,1.24516000,59,0.40,,,,,,,,,,,,,,,,,,,,,,,
Allbirds,ORDER,2024-04-12T14:12:50.423Z,GBP,69.91,BUY,BIRD,US01675A1097,0.47278912,0.00,147.00000000,Knight Equity Markets LP,G59P3F8X5R5P,MARKET,USD,86.44,0.58800000,1.23642181,1.24375999,59,0.41,,,,,,,,,,,,,,,,,,,,,,,
Vale ADR,ORDER,2024-04-11T15:01:00.450Z,GBP,29.14,BUY,VALE,US91912E1055,9.65666667,0.00,3.00000000,FINRA/NASDAQ Trf Carteret (Trade Reporting Facility),LWXYDTEYHW1R,BASIC,USD,36.27,12.08880000,1.24438456,1.25177000,59,0.17,,,,,,,,,,,,,,,,,,,,,,,
Apple,ORDER,2024-04-11T15:00:59.452Z,GBP,135.97,BUY,AAPL,US0378331005,135.17000000,0.00,1.00000000,Hudson River Trading (Hrt),1G5GGCUJI6OC,BASIC,USD,169.20,169.19670000,1.24438456,1.25177000,59,0.80,,,,,,,,,,,,,,,,,,,,,,,
Qualcomm,ORDER,2024-04-11T15:00:34.477Z,GBP,138.03,BUY,QCOM,US7475251036,137.22000000,0.00,1.00000000,FINRA/NASDAQ Trf Carteret (Trade Reporting Facility),DDXQ3R2ZVTFI,BASIC,USD,171.75,171.75280000,1.24427521,1.25166000,59,0.81,,,,,,,,,,,,,,,,,,,,,,,
Lloyds,ORDER,2024-04-11T10:00:45.108Z,GBP,39.95,BUY,LLOY,GB0008706128,0.50961538,0.20,78.00000000,London Stock Exchange,OONBV1249D18,BASIC,GBP,39.75,0.50961538,,,0,,,,,,,,,,,,,,,,,,,,,,,,
Banco Bradesco ADR,SPECIAL_DIVIDEND,2024-04-08T15:23:00.000Z,GBP,1.04,,BBD,US0594603039,,,458.00000000,,,,USD,,,,0.79831396,0,0.00,2024-03-04,2024-04-08,458.00000000,0.00334940,1.53,1.30,15,0.23,,,,,,,,,,,,,,,
Allbirds,ORDER,2024-04-05T14:18:54.175Z,GBP,71.57,BUY,BIRD,US01675A1097,0.48401361,0.00,147.00000000,"Two Sigma Securities, LLC",W4P9XCZZM07R,MARKET,USD,89.66,0.60990000,1.25276482,1.26020000,59,0.42,,,,,,,,,,,,,,,,,,,,,,,
Nvidia,ORDER,2024-04-02T14:06:04.273Z,GBP,707.56,BUY,NVDA,US67066G1040,703.41000000,0.00,1.00000000,NOT_YET_KNOWN,XEMOFR94VZ6L,BASIC,USD,883.98,883.97740000,1.24928547,1.25670000,59,4.15,,,,,,,,,,,,,,,,,,,,,,,
Novo Nordisk ADR,DIVIDEND,2024-04-02T12:04:00.000Z,GBP,5.25,,NVO,US6701002056,,,10.00000000,,,,USD,,,,0.79184087,0,0.00,2024-03-22,2024-04-02,10.00000000,0.90878700,9.09,6.63,27,2.45,,,,,,,,,,,,,,,
QuantumScape,ORDER,2024-04-01T13:44:40.515Z,GBP,251.43,BUY,QS,US74767V1098,4.99920000,0.00,50.00000000,FINRA/NASDAQ Trf Carteret (Trade Reporting Facility),E11EK6VAD9RZ,MARKET,USD,314.94,6.29880000,1.25253618,1.25997000,59,1.47,,,,,,,,,,,,,,,,,,,,,,,
Top up,TOP_UP,2024-04-01T09:18:53.902Z,GBP,165.00,,,,,,,,,,,,,,,,,,,,,,,,,,,,,,,,,,,,,,,
March Statement,MONTHLY_STATEMENT,2024-04-01T00:00:00.000Z,,,,,,,,,,,,,,,,,,,,,,,,,,,,,,,,,,,,,,,,,
Vale ADR,ORDER,2024-03-28T15:44:46.225Z,GBP,38.61,BUY,VALE,US91912E1055,9.59500000,0.00,4.00000000,FINRA/NASDAQ Trf Carteret (Trade Reporting Facility),TC4HJV9OQBVC,MARKET,USD,48.48,12.11880000,1.25554830,1.26300000,59,0.23,,,,,,,,,,,,,,,,,,,,,,,
Qualcomm,ORDER,2024-03-28T15:25:18.028Z,GBP,134.49,BUY,QCOM,US7475251036,133.70000000,0.00,1.00000000,FINRA/NASDAQ Trf Carteret (Trade Reporting Facility),FSKJOSCA89UG,MARKET,USD,168.90,168.89520000,1.25581671,1.26327000,59,0.79,,,,,,,,,,,,,,,,,,,,,,,
Apple,ORDER,2024-03-28T15:24:24.008Z,GBP,135.93,BUY,AAPL,US0378331005,135.13000000,0.00,1.00000000,"Jane Street Capital, LLC",GQCMJ5X9Y3ZZ,MARKET,USD,170.70,170.69990000,1.25580677,1.26326000,59,0.80,,,,,,,,,,,,,,,,,,,,,,,
Lloyds,ORDER,2024-03-28T11:00:36.780Z,GBP,39.57,BUY,LLOY,GB0008706128,0.51802632,0.20,76.00000000,London Stock Exchange,PN7X4JYB3XE7,BASIC,GBP,39.37,0.51802632,,,0,,,,,,,,,,,,,,,,,,,,,,,,
NASDAQ 100,ORDER,2024-03-28T10:06:02.839Z,GBP,709.04,BUY,EQQQ,IE0032077012,354.52000000,0.00,2.00000000,London Stock Exchange,50L4LSCUGIUT,BASIC,GBP,709.04,354.52000000,,,0,,,,,,,,,,,,,,,,,,,,,,,,
S&P 500,ORDER,2024-03-28T10:03:16.267Z,GBP,947.06,BUY,VUSA,IE00B3XXRP09,78.92166667,0.00,12.00000000,AQST,I6UHNTSIWWGT,BASIC,GBP,947.06,78.92166667,,,0,,,,,,,,,,,,,,,,,,,,,,,,
Nubank,ORDER,2024-03-27T17:11:56.986Z,GBP,94.74,BUY,NU,KYG6683N1034,9.41800000,0.00,10.00000000,FINRA/NASDAQ Trf Carteret (Trade Reporting Facility),QVLHADR6OVS5,MARKET,USD,118.89,11.88880000,1.25494189,1.26238999,59,0.56,,,,,,,,,,,,,,,,,,,,,,,
Intuitive Machines,ORDER,2024-03-27T16:32:01.089Z,GBP,787.18,SELL,LUNR,US46125A1007,5.65607143,0.00,140.00000000,FINRA/NASDAQ Trf Carteret (Trade Reporting Facility),1AVCNXZ78Q5Z,MARKET,USD,999.96,7.14260000,1.27026059,1.26281001,59,4.67,,,,,,,,,,,,,,,,,,,,,,,
Coinbase,ORDER,2024-03-27T14:59:41.052Z,GBP,211.16,BUY,COIN,US19260Q1076,209.92000000,0.00,1.00000000,FINRA/NASDAQ Trf Carteret (Trade Reporting Facility),454FOEOJC3U4,MARKET,USD,264.93,264.92540000,1.25459396,1.26204000,59,1.24,,,,,,,,,,,,,,,,,,,,,,,
Top up,TOP_UP,2024-03-27T10:48:01.789Z,GBP,2000.00,,,,,,,,,,,,,,,,,,,,,,,,,,,,,,,,,,,,,,,
S&P 500 ETF,ORDER,2024-03-27T09:34:03.302Z,GBP,949.22,BUY,XDPG,IE00BM67HX07,86.29272727,0.00,11.00000000,London Stock Exchange,B76X5W3IG3U1,MARKET,GBP,949.22,86.29272727,,,0,,,,,,,,,,,,,,,,,,,,,,,,
Nvidia,DIVIDEND,2024-03-27T06:00:00.000Z,GBP,0.05,,NVDA,US67066G1040,,,2.00000000,,,,USD,,,,0.79146484,0,0.00,2024-03-05,2024-03-27,2.00000000,0.04000000,0.08,0.07,15,0.01,,,,,,,,,,,,,,,
Vale ADR,DIVIDEND,2024-03-26T15:28:00.000Z,GBP,23.14,,VALE,US91912E1055,,,54.27135298,,,,USD,,,,0.79184087,0,0.00,2024-03-12,2024-03-26,54.27135298,0.53861000,29.23,29.23,0,0.00,,,,,,,,,,,,,,,
Reddit,ORDER,2024-03-25T15:23:31.392Z,GBP,81.29,BUY,RDDT,US75734B1008,40.40500000,0.00,2.00000000,"Jane Street Capital, LLC",LORY090P0X7C,MARKET,USD,102.12,51.05880000,1.25622429,1.26368000,59,0.48,,,,,,,,,,,,,,,,,,,,,,,
Allbirds,ORDER,2024-03-25T15:22:23.439Z,GBP,77.69,BUY,BIRD,US01675A1097,0.52537415,0.00,147.00000000,Intelligentcross,S0CSKSXHSP2Y,MARKET,USD,97.59,0.66390000,1.25621435,1.26367000,59,0.46,,,,,,,,,,,,,,,,,,,,,,,
Allbirds,ORDER,2024-03-22T17:15:40.962Z,GBP,79.31,BUY,BIRD,US01675A1097,0.55132867,0.00,143.00000000,"Jane Street Capital, LLC",WEWTJ2RSF2GF,MARKET,USD,99.24,0.69400000,1.25127366,1.25869999,59,0.47,,,,,,,,,,,,,,,,,,,,,,,
Honeywell,ORDER,2024-03-22T15:34:49.308Z,GBP,320.07,BUY,HON,US4385161066,159.09500000,0.00,2.00000000,FINRA/NASDAQ Trf Carteret (Trade Reporting Facility),SGYYVOULRHB2,MARKET,USD,400.91,200.45520000,1.25253618,1.25997000,59,1.88,,,,,,,,,,,,,,,,,,,,,,,
Qualcomm,ORDER,2024-03-21T19:43:52.430Z,GBP,136.09,BUY,QCOM,US7475251036,135.29000000,0.00,1.00000000,FINRA/NASDAQ Trf Carteret (Trade Reporting Facility),ZKIZ8QW60SZD,MARKET,USD,171.18,171.17640000,1.25782479,1.26529000,59,0.80,,,,,,,,,,,,,,,,,,,,,,,
Apple,ORDER,2024-03-21T19:42:57.451Z,GBP,135.86,BUY,AAPL,US0378331005,135.06000000,0.00,1.00000000,"Two Sigma Securities, LLC",DIW7ADY6WHEX,MARKET,USD,170.89,170.88500000,1.25781485,1.26528000,59,0.80,,,,,,,,,,,,,,,,,,,,,,,
Novo Nordisk ADR,ORDER,2024-03-21T15:00:43.049Z,GBP,205.67,BUY,NVO,US6701002056,102.23000000,0.00,2.00000000,FINRA/NASDAQ Trf Carteret (Trade Reporting Facility),VOYOKPN9CV4Z,BASIC,USD,259.57,129.78400000,1.26207953,1.26956999,59,1.21,,,,,,,,,,,,,,,,,,,,,,,
Qualcomm,DIVIDEND,2024-03-21T04:47:00.000Z,GBP,6.08,,QCOM,US7475251036,,,11.31427103,,,,USD,,,,0.79061383,0,0.00,2024-02-28,2024-03-21,11.31427103,0.80000000,9.05,7.69,15,1.36,,,,,,,,,,,,,,,
Allbirds,ORDER,2024-03-20T17:57:03.287Z,GBP,78.29,BUY,BIRD,US01675A1097,0.53308219,0.00,146.00000000,"Two Sigma Securities, LLC",HIJ4EWAM7A3J,MARKET,USD,98.97,0.67790000,1.26407768,1.27158000,59,0.46,,,,,,,,,,,,,,,,,,,,,,,
Allbirds,ORDER,2024-03-19T19:06:52.298Z,GBP,76.94,BUY,BIRD,US01675A1097,0.54248227,0.00,141.00000000,NYSE Arca,87B0U0E51CGZ,LIMIT,USD,97.29,0.69000000,1.26445545,1.27196001,59,0.45,,,,,,,,,,,,,,,,,,,,,,,
Lloyds,ORDER,2024-03-15T10:03:06.923Z,GBP,99.91,BUY,LLOY,GB0008706128,0.49457711,0.50,201.00000000,London Stock Exchange,GE3QQ6KIT1KI,BASIC,GBP,99.41,0.49457711,,,0,,,,,,,,,,,,,,,,,,,,,,,,
Interest,INTEREST_FROM_CASH,2024-03-15T00:00:00.000Z,GBP,1.47,,,,,,,,,,,,,,,,,,,,,,,,,,,,,,,,,,,,,,,
Vale ADR,ORDER,2024-03-14T16:00:50.671Z,GBP,76.70,BUY,VALE,US91912E1055,9.53125000,0.00,8.00000000,FINRA/NASDAQ Trf Carteret (Trade Reporting Facility),IF036Y2YB4EY,BASIC,USD,97.19,12.14880000,1.26708979,1.27460999,59,0.45,,,,,,,,,,,,,,,,,,,,,,,
Apple,ORDER,2024-03-14T16:00:16.659Z,GBP,136.68,BUY,AAPL,US0378331005,135.88000000,0.00,1.00000000,Hudson River Trading (Hrt),399T515VWD9K,BASIC,USD,173.20,173.19800000,1.26713951,1.27466000,59,0.80,,,,,,,,,,,,,,,,,,,,,,,
Stellantis,ORDER,2024-03-13T14:22:43.915Z,GBP,241.84,BUY,STLA,NL00150001Q9,21.85636364,0.00,11.00000000,FINRA/NASDAQ Trf Carteret (Trade Reporting Facility),JHE58ZSJT6C4,MARKET,USD,307.66,27.96880000,1.27215296,1.27970321,59,1.42,,,,,,,,,,,,,,,,,,,,,,,
Allbirds,ORDER,2024-03-13T14:21:24.916Z,GBP,79.01,BUY,BIRD,US01675A1097,0.57335766,0.00,137.00000000,"Jane Street Capital, LLC",QJR0U8DLNTKE,MARKET,USD,100.56,0.73400000,1.27264006,1.28019320,59,0.46,,,,,,,,,,,,,,,,,,,,,,,
Top up,TOP_UP,2024-03-13T11:17:11.832Z,GBP,3000.00,,,,,,,,,,,,,,,,,,,,,,,,,,,,,,,,,,,,,,,
Allbirds,ORDER,2024-03-12T14:30:25.034Z,GBP,78.19,BUY,BIRD,US01675A1097,0.63195122,0.00,123.00000000,"Jane Street Capital, LLC",TT5B20DCS6CP,MARKET,USD,99.19,0.80640000,1.26861335,1.27614259,59,0.46,,,,,,,,,,,,,,,,,,,,,,,
Allbirds,ORDER,2024-03-11T17:50:09.823Z,GBP,147.15,BUY,BIRD,US01675A1097,0.65308036,0.00,224.00000000,Multiple,AI2KZOGJNHZ2,MARKET,USD,187.27,0.83600000,1.27257087,1.28012360,59,0.86,,,,,,,,,,,,,,,,,,,,,,,
Novo Nordisk ADR,ORDER,2024-03-08T17:51:17.840Z,GBP,207.30,BUY,NVO,US6701002056,103.04000000,0.00,2.00000000,FINRA/NASDAQ Trf Carteret (Trade Reporting Facility),RFIJX3EUR2QA,MARKET,USD,264.65,132.32400000,1.27661328,1.28419000,59,1.22,,,,,,,,,,,,,,,,,,,,,,,
Intuitive Machines,ORDER,2024-03-07T17:10:52.131Z,GBP,75.97,BUY,LUNR,US46125A1007,3.77600000,0.00,20.00000000,FINRA/NASDAQ Trf Carteret (Trade Reporting Facility),JF8R471PDCQD,MARKET,USD,96.57,4.82830000,1.27113578,1.27867999,59,0.45,,,,,,,,,,,,,,,,,,,,,,,
Nubank,ORDER,2024-03-06T16:48:42.964Z,GBP,133.20,BUY,NU,KYG6683N1034,8.82800000,0.00,15.00000000,FINRA/NASDAQ Trf Carteret (Trade Reporting Facility),1FS5P03KUTGM,MARKET,USD,168.88,11.25880000,1.26784531,1.27536999,59,0.78,,,,,,,,,,,,,,,,,,,,,,,
Novo Nordisk ADR,ORDER,2024-03-06T16:47:43.967Z,GBP,394.48,BUY,NVO,US6701002056,98.04250000,0.00,4.00000000,FINRA/NASDAQ Trf Carteret (Trade Reporting Facility),18HSBW3IY2GK,MARKET,USD,500.16,125.03880000,1.26785526,1.27538000,59,2.31,,,,,,,,,,,,,,,,,,,,,,,
Allbirds,ORDER,2024-03-06T16:39:19.650Z,GBP,89.96,BUY,BIRD,US01675A1097,0.68267176,0.00,131.00000000,Hudson River Trading (Hrt),ZEFD29X2SGKV,LIMIT,USD,113.97,0.87000000,1.26687109,1.27438999,59,0.53,,,,,,,,,,,,,,,,,,,,,,,
Lloyds,ORDER,2024-03-06T15:06:59.758Z,GBP,149.60,BUY,LLOY,GB0008706128,0.48488599,0.74,307.00000000,London Stock Exchange,P5GZJ0S3G25X,MARKET,GBP,148.86,0.48488599,,,0,,,,,,,,,,,,,,,,,,,,,,,,
Apple,ORDER,2024-03-06T15:05:53.476Z,GBP,267.44,BUY,AAPL,US0378331005,132.93500000,0.00,2.00000000,FINRA/NASDAQ Trf Carteret (Trade Reporting Facility),9GZFJF07Z3SY,MARKET,USD,338.19,169.09640000,1.26449520,1.27200000,59,1.57,,,,,,,,,,,,,,,,,,,,,,,
Novo Nordisk ADR,ORDER,2024-03-06T15:05:08.201Z,GBP,195.67,BUY,NVO,US6701002056,97.26000000,0.00,2.00000000,NOT_YET_KNOWN,7LHS0ZSGTB89,BASIC,USD,247.39,123.69520000,1.26426656,1.27177000,59,1.15,,,,,,,,,,,,,,,,,,,,,,,
Intuitive Machines,ORDER,2024-03-06T14:46:37.619Z,GBP,80.64,BUY,LUNR,US46125A1007,4.00850000,0.00,20.00000000,CBOE EDGX U.S. Equities Exchange,24WM7OY3PBB5,LIMIT,USD,102.00,5.10000000,1.26480337,1.27231000,59,0.47,,,,,,,,,,,,,,,,,,,,,,,
Top up,TOP_UP,2024-03-06T12:57:13.945Z,GBP,2000.00,,,,,,,,,,,,,,,,,,,,,,,,,,,,,,,,,,,,,,,
Apple,ORDER,2024-03-04T15:20:34.169Z,GBP,276.63,BUY,AAPL,US0378331005,137.50500000,0.00,2.00000000,Knight Equity Markets LP,3N1YN0IUZGKM,MARKET,USD,349.08,174.54000000,1.26184096,1.26933001,59,1.62,,,,,,,,,,,,,,,,,,,,,,,
Qualcomm,ORDER,2024-03-04T15:20:05.132Z,GBP,788.45,BUY,QCOM,US7475251036,130.63833333,0.00,6.00000000,NOT_YET_KNOWN,XE0JR4NUVZJR,MARKET,USD,994.95,165.82520000,1.26186084,1.26935000,59,4.62,,,,,,,,,,,,,,,,,,,,,,,
Intuitive Machines,ORDER,2024-03-04T15:19:29.127Z,GBP,85.25,BUY,LUNR,US46125A1007,4.23750000,0.00,20.00000000,FINRA/NASDAQ Trf Carteret (Trade Reporting Facility),VFASODX0BGU1,MARKET,USD,107.58,5.37880000,1.26187077,1.26935999,59,0.50,,,,,,,,,,,,,,,,,,,,,,,
Lloyds,ORDER,2024-03-04T15:18:52.234Z,GBP,499.60,BUY,LLOY,GB0008706128,0.47298763,2.49,1051.00000000,London Stock Exchange,RZ3101QK9J8J,MARKET,GBP,497.11,0.47298763,,,0,,,,,,,,,,,,,,,,,,,,,,,,
Top up,TOP_UP,2024-03-04T11:09:20.836Z,GBP,2000.00,,,,,,,,,,,,,,,,,,,,,,,,,,,,,,,,,,,,,,,
Allbirds,ORDER,2024-03-01T19:16:39.333Z,GBP,245.37,BUY,BIRD,US01675A1097,0.69893983,0.00,349.00000000,"Jane Street Capital, LLC",SCC725W167B9,MARKET,USD,308.76,0.88470000,1.25831190,1.26578000,59,1.44,,,,,,,,,,,,,,,,,,,,,,,
Allbirds,ORDER,2024-03-01T17:28:37.610Z,GBP,118.29,BUY,BIRD,US01675A1097,0.73500000,0.00,160.00000000,Citadel Securities,KKB8GP0VKMX3,MARKET,USD,148.80,0.93000000,1.25786454,1.26532999,59,0.69,,,,,,,,,,,,,,,,,,,,,,,
Intuitive Machines,ORDER,2024-03-01T15:09:51.730Z,GBP,90.57,BUY,LUNR,US46125A1007,4.50200000,0.00,20.00000000,Citadel Securities,BDPEKQPIHSSE,MARKET,USD,113.57,5.67870000,1.25382851,1.26127000,59,0.53,,,,,,,,,,,,,,,,,,,,,,,
February Statement,MONTHLY_STATEMENT,2024-03-01T00:00:00.000Z,,,,,,,,,,,,,,,,,,,,,,,,,,,,,,,,,,,,,,,,,
Qualcomm,ORDER,2024-02-29T16:34:18.083Z,GBP,249.98,BUY,QCOM,US7475251036,124.25500000,0.00,2.00000000,Citadel Securities,OIN3XJYI9PQQ,MARKET,USD,313.94,156.96760000,1.25582664,1.26327999,59,1.47,,,,,,,,,,,,,,,,,,,,,,,
Toyota ADR,ORDER,2024-02-29T16:33:16.089Z,GBP,383.03,BUY,TM,US8923313071,190.39000000,0.00,2.00000000,FINRA/NASDAQ Trf Carteret (Trade Reporting Facility),ZMC7CGGVIPHX,MARKET,USD,481.02,240.51210000,1.25579682,1.26324999,59,2.25,,,,,,,,,,,,,,,,,,,,,,,
Vale ADR,ORDER,2024-02-29T16:00:46.879Z,GBP,75.10,BUY,VALE,US91912E1055,10.66571429,0.00,7.00000000,FINRA/NASDAQ Trf Carteret (Trade Reporting Facility),CUXLTI68ANM7,BASIC,USD,94.42,13.48880000,1.25721838,1.26467999,59,0.44,,,,,,,,,,,,,,,,,,,,,,,
Apple,ORDER,2024-02-29T16:00:31.885Z,GBP,143.87,BUY,AAPL,US0378331005,143.03000000,0.00,1.00000000,Knight Link,AC7M0O1JTGYN,BASIC,USD,180.89,180.88980000,1.25722834,1.26469001,59,0.84,,,,,,,,,,,,,,,,,,,,,,,
Intuitive Machines,ORDER,2024-02-29T15:10:20.452Z,GBP,89.49,BUY,LUNR,US46125A1007,4.44850000,0.00,20.00000000,FINRA/NASDAQ Trf Carteret (Trade Reporting Facility),16258V0X0IEA,BASIC,USD,112.78,5.63880000,1.26011122,1.26759000,59,0.52,,,,,,,,,,,,,,,,,,,,,,,
Top up,TOP_UP,2024-02-28T22:10:26.647Z,GBP,800.00,,,,,,,,,,,,,,,,,,,,,,,,,,,,,,,,,,,,,,,
Intuitive Machines,ORDER,2024-02-26T17:20:34.687Z,GBP,95.25,BUY,LUNR,US46125A1007,4.73450000,0.00,20.00000000,NSDQ,T0S48YC0Q0KJ,LIMIT,USD,120.00,6.00000000,1.25986269,1.26734000,59,0.56,,,,,,,,,,,,,,,,,,,,,,,
Top up,TOP_UP,2024-02-23T21:13:38.032Z,GBP,600.00,,,,,,,,,,,,,,,,,,,,,,,,,,,,,,,,,,,,,,,
Nubank,ORDER,2024-02-23T18:25:42.515Z,GBP,407.33,BUY,NU,KYG6683N1034,8.09880000,0.00,50.00000000,FINRA/NASDAQ Trf Carteret (Trade Reporting Facility),PB4UMZRGW34G,MARKET,USD,513.44,10.26880000,1.26045915,1.26794000,59,2.39,,,,,,,,,,,,,,,,,,,,,,,
Intuitive Machines,ORDER,2024-02-23T18:12:21.379Z,GBP,161.04,BUY,LUNR,US46125A1007,8.00500000,0.00,20.00000000,FINRA/NASDAQ Trf Carteret (Trade Reporting Facility),9THWDLCTM431,MARKET,USD,202.95,10.14760000,1.26014104,1.26762000,59,0.94,,,,,,,,,,,,,,,,,,,,,,,
Microsoft,ORDER,2024-02-22T20:13:03.293Z,GBP,1961.45,BUY,MSFT,US5949181045,324.99166667,0.00,6.00000000,Citadel Securities,BGPI56IA9R7A,MARKET,USD,2468.09,411.34800000,1.25825226,1.26572001,59,11.50,,,,,,,,,,,,,,,,,,,,,,,
Apple,ORDER,2024-02-22T20:12:11.301Z,GBP,293.59,BUY,AAPL,US0378331005,145.93500000,0.00,2.00000000,Knight Equity Markets LP,JXMRRABFZXPI,MARKET,USD,369.43,184.71500000,1.25825226,1.26572001,59,1.72,,,,,,,,,,,,,,,,,,,,,,,
Allbirds,ORDER,2024-02-22T20:11:25.253Z,GBP,296.81,BUY,BIRD,US01675A1097,0.71272947,0.00,414.00000000,"Jane Street Capital, LLC",LJMFSUKJAYMV,MARKET,USD,373.47,0.90210000,1.25822243,1.26569000,59,1.74,,,,,,,,,,,,,,,,,,,,,,,
Super Micro Computer,ORDER,2024-02-22T20:07:47.806Z,GBP,765.42,SELL,SMCI,US86800U1043,769.96000000,0.00,1.00000000,FINRA/NASDAQ Trf Carteret (Trade Reporting Facility),O32GAUTSUWG3,MARKET,USD,974.48,974.47950000,1.27308716,1.26562000,59,4.54,,,,,,,,,,,,,,,,,,,,,,,
Top up,TOP_UP,2024-02-21T20:55:56.559Z,GBP,2800.00,,,,,,,,,,,,,,,,,,,,,,,,,,,,,,,,,,,,,,,
Banco Bradesco ADR,ORDER,2024-02-21T19:56:27.521Z,GBP,148.69,BUY,BBD,US0594603039,2.23969697,0.00,66.00000000,FINRA/NASDAQ Trf Carteret (Trade Reporting Facility),3P3N3Q9S46AT,MARKET,USD,186.71,2.82900000,1.25567753,1.26313000,59,0.87,,,,,,,,,,,,,,,,,,,,,,,
Nvidia,ORDER,2024-02-21T19:48:03.416Z,GBP,532.80,BUY,NVDA,US67066G1040,529.67000000,0.00,1.00000000,FINRA/NASDAQ Trf Carteret (Trade Reporting Facility),XYTFGDO5QFU2,MARKET,USD,668.65,668.64710000,1.25494189,1.26238999,59,3.13,,,,,,,,,,,,,,,,,,,,,,,
CrowdStrike,ORDER,2024-02-21T19:47:29.433Z,GBP,230.03,BUY,CRWD,US22788C1053,228.68000000,0.00,1.00000000,FINRA/NASDAQ Trf Carteret (Trade Reporting Facility),BKRMC5W2NVON,MARKET,USD,288.69,288.69190000,1.25496178,1.26241000,59,1.35,,,,,,,,,,,,,,,,,,,,,,,
Allbirds,ORDER,2024-02-21T19:45:45.408Z,GBP,361.76,BUY,BIRD,US01675A1097,0.71928000,0.00,500.00000000,"Jane Street Capital, LLC",ID3GZ3B4ON8K,MARKET,USD,454.05,0.90810000,1.25506120,1.26251001,59,2.12,,,,,,,,,,,,,,,,,,,,,,,
Banco Bradesco ADR,ORDER,2024-02-20T15:00:32.082Z,GBP,891.25,BUY,BBD,US0594603039,2.26025510,0.00,392.00000000,Multiple,X6LSYQ11NY67,MARKET,USD,1120.73,2.85900000,1.25744703,1.26491000,59,5.23,,,,,,,,,,,,,,,,,,,,,,,
Allbirds,ORDER,2024-02-20T14:59:18.058Z,GBP,255.35,BUY,BIRD,US01675A1097,0.72945402,0.00,348.00000000,Knight Equity Markets LP,A0B175CYN3T9,MARKET,USD,321.10,0.92270000,1.25747685,1.26494000,59,1.50,,,,,,,,,,,,,,,,,,,,,,,
CrowdStrike,ORDER,2024-02-20T14:54:10.064Z,GBP,509.24,BUY,CRWD,US22788C1053,253.12500000,0.00,2.00000000,FINRA/NASDAQ Trf Carteret (Trade Reporting Facility),5XGAYSHPTFUF,MARKET,USD,640.63,320.31370000,1.25797390,1.26544000,59,2.99,,,,,,,,,,,,,,,,,,,,,,,
Super Micro Computer,ORDER,2024-02-20T14:52:53.024Z,GBP,592.03,BUY,SMCI,US86800U1043,588.56000000,0.00,1.00000000,FINRA/NASDAQ Trf Carteret (Trade Reporting Facility),PK36B7EG34Z5,MARKET,USD,744.77,744.76590000,1.25793414,1.26540000,59,3.47,,,,,,,,,,,,,,,,,,,,,,,
Nvidia,ORDER,2024-02-20T14:49:24.997Z,GBP,549.27,BUY,NVDA,US67066G1040,546.05000000,0.00,1.00000000,FINRA/NASDAQ Trf Carteret (Trade Reporting Facility),TYUAU729OSIF,MARKET,USD,690.99,690.99400000,1.25796396,1.26543000,59,3.22,,,,,,,,,,,,,,,,,,,,,,,
Allbirds,ORDER,2024-02-20T14:33:22.510Z,GBP,451.79,BUY,BIRD,US01675A1097,0.74238017,0.00,605.00000000,NOT_YET_KNOWN,VMD4PTF64XC8,LIMIT,USD,568.70,0.94000000,1.25871948,1.26619000,59,2.65,,,,,,,,,,,,,,,,,,,,,,,
Lloyds,ORDER,2024-02-19T10:04:05.695Z,GBP,999.61,BUY,LLOY,GB0008706128,0.43245217,4.97,2300.00000000,London Stock Exchange,RFN7RM4S0RZK,BASIC,GBP,994.64,0.43245217,,,0,,,,,,,,,,,,,,,,,,,,,,,,
Apple,DIVIDEND,2024-02-15T01:22:00.000Z,GBP,9.45,,AAPL,US0378331005,,,58.31341892,,,,USD,,,,0.79485569,0,0.00,2024-02-09,2024-02-15,58.31341892,0.24000000,14.00,11.90,15,2.10,,,,,,,,,,,,,,,
Interest,INTEREST_FROM_CASH,2024-02-15T00:00:00.000Z,GBP,1.69,,,,,,,,,,,,,,,,,,,,,,,,,,,,,,,,,,,,,,,
Vale ADR,ORDER,2024-02-13T14:45:26.381Z,GBP,499.25,BUY,VALE,US91912E1055,10.49938216,0.00,47.27135298,Multiple,K83MMCAEN632,MARKET,USD,625.34,13.22880700,1.25252624,1.25996000,59,2.93,,,,,,,,,,,,,,,,,,,,,,,
Allbirds,ORDER,2024-02-05T16:33:36.761Z,GBP,399.37,BUY,BIRD,US01675A1097,0.75887992,0.00,523.17894736,Multiple,EY3EPYJRYWOR,MARKET,USD,497.49,0.95090100,1.24563712,1.25303000,59,2.34,,,,,,,,,,,,,,,,,,,,,,,
Costco,ORDER,2024-02-01T15:07:06.503Z,GBP,599.05,BUY,COST,US22160K1051,549.57489661,0.00,1.08363756,Multiple,84LNFPZ59ZXX,BASIC,USD,753.93,695.73732400,1.25849085,1.26596001,59,3.51,,,,,,,,,,,,,,,,,,,,,,,
January Statement,MONTHLY_STATEMENT,2024-02-01T00:00:00.000Z,,,,,,,,,,,,,,,,,,,,,,,,,,,,,,,,,,,,,,,,,
Allbirds,ORDER,2024-01-31T20:54:00.713Z,GBP,723.50,BUY,BIRD,US01675A1097,0.75790527,0.00,949.01041666,Multiple,5PSS86RLUWGF,LIMIT_TRIGGERED,USD,911.05,0.96000000,1.25917677,1.26665000,59,4.24,,,,,,,,,,,,,,,,,,,,,,,
Tesla,ORDER,2024-01-31T16:11:43.281Z,GBP,199.70,BUY,TSLA,US88160R1014,149.07832530,0.00,1.33171606,Multiple,10N0V8WCG43I,MARKET,USD,252.52,189.61729700,1.26441567,1.27192000,59,1.17,,,,,,,,,,,,,,,,,,,,,,,
Qualcomm,ORDER,2024-01-29T20:04:46.296Z,GBP,499.20,BUY,QCOM,US7475251036,117.37790434,0.00,4.22796780,Multiple,6UM4WCJXJWAN,MARKET,USD,630.38,149.09763500,1.26274558,1.27024000,59,2.93,,,,,,,,,,,,,,,,,,,,,,,
Tesla,ORDER,2024-01-29T15:16:03.125Z,GBP,499.20,BUY,TSLA,US88160R1014,145.95898075,0.00,3.40006485,Multiple,4AIHZ9RAGLZN,BASIC,USD,629.09,185.02352900,1.26015099,1.26763001,59,2.93,,,,,,,,,,,,,,,,,,,,,,,
Qualcomm,ORDER,2024-01-24T20:09:18.865Z,GBP,499.23,BUY,QCOM,US7475251036,121.65332512,0.00,4.07962544,Multiple,A09Y30T8QXPL,MARKET,USD,631.72,154.84764700,1.26534019,1.27285000,59,2.93,,,,,,,,,,,,,,,,,,,,,,,
Allbirds,ORDER,2024-01-19T16:35:32.290Z,GBP,450.18,BUY,BIRD,US01675A1097,0.74183569,0.00,603.28723404,Multiple,RF4ZVL83IMNV,LIMIT_TRIGGERED,USD,566.97,0.93980000,1.25939548,1.26687001,59,2.64,,,,,,,,,,,,,,,,,,,,,,,
Tesla,ORDER,2024-01-18T17:11:32.551Z,GBP,502.24,BUY,TSLA,US88160R1014,165.91446008,0.00,3.00932179,Multiple,P2HNGFWX1WH2,MARKET,USD,632.73,210.25521500,1.25979312,1.26727001,59,2.95,,,,,,,,,,,,,,,,,,,,,,,
Allbirds,ORDER,2024-01-17T18:06:55.103Z,GBP,299.53,BUY,BIRD,US01675A1097,0.75670170,0.00,393.51041666,Multiple,SO9JWQJ7QLG5,MARKET,USD,377.38,0.95900100,1.25988258,1.26736000,59,1.76,,,,,,,,,,,,,,,,,,,,,,,
Interest,INTEREST_FROM_CASH,2024-01-16T00:00:00.000Z,GBP,1.69,,,,,,,,,,,,,,,,,,,,,,,,,,,,,,,,,,,,,,,
Allbirds,ORDER,2024-01-12T17:47:06.735Z,GBP,1635.55,BUY,BIRD,US01675A1097,0.78510864,0.00,2071.00000000,NYSE Arca,6T3ZTG3C9915,LIMIT,USD,2071.00,1.00000000,1.26619511,1.27371000,59,9.59,,,,,,,,,,,,,,,,,,,,,,,
December Statement,MONTHLY_STATEMENT,2024-01-01T00:00:00.000Z,,,,,,,,,,,,,,,,,,,,,,,,,,,,,,,,,,,,,,,,,
Allbirds,ORDER,2023-12-26T19:53:37.238Z,GBP,1752.30,SELL,BIRD,US01675A1097,1.10074589,0.00,1601.36868485,Multiple,4D3E8LDKFHVF,LIMIT_TRIGGERED,USD,2242.56,1.40040000,1.27973615,1.27222999,59,10.40,,,,,,,,,,,,,,,,,,,,,,,
Allbirds,ORDER,2023-12-26T18:37:01.071Z,GBP,1596.14,SELL,BIRD,US01675A1097,1.07040667,0.00,1500.00000000,FINRA/NASDAQ Trf Carteret (Trade Reporting Facility),914BA7RFYHVE,MARKET,USD,2040.60,1.36040000,1.27841842,1.27091999,59,9.47,,,,,,,,,,,,,,,,,,,,,,,
Interest,INTEREST_FROM_CASH,2023-12-15T00:00:00.000Z,GBP,1.02,,,,,,,,,,,,,,,,,,,,,,,,,,,,,,,,,,,,,,,
Qualcomm,DIVIDEND,2023-12-14T19:15:00.000Z,GBP,1.60,,QCOM,US7475251036,,,3.00667779,,,,USD,,,,0.78649123,0,0.00,2023-11-29,2023-12-14,3.00667779,0.80000000,2.41,2.04,15,0.36,,,,,,,,,,,,,,,
November Statement,MONTHLY_STATEMENT,2023-12-01T00:00:00.000Z,,,,,,,,,,,,,,,,,,,,,,,,,,,,,,,,,,,,,,,,,
Apple,DIVIDEND,2023-11-16T19:46:00.000Z,GBP,9.58,,AAPL,US0378331005,,,58.31341892,,,,USD,,,,0.80572386,0,0.00,2023-11-10,2023-11-16,58.31341892,0.24000000,14.00,11.90,15,2.10,,,,,,,,,,,,,,,
Interest,INTEREST_FROM_CASH,2023-11-15T00:00:00.000Z,GBP,1.45,,,,,,,,,,,,,,,,,,,,,,,,,,,,,,,,,,,,,,,
Cloudflare,ORDER,2023-11-14T20:11:15.407Z,GBP,9203.39,SELL,NET,US18915M1071,55.91926222,0.00,165.56030307,Multiple,Z5NNN9LL36BR,MARKET,USD,11573.07,69.90239200,1.25743535,1.25006000,59,54.62,,,,,,,,,,,,,,,,,,,,,,,
Top up,TOP_UP,2023-11-13T20:58:30.957Z,GBP,200.00,,,,,,,,,,,,,,,,,,,,,,,,,,,,,,,,,,,,,,,
Allbirds,ORDER,2023-11-13T20:01:25.016Z,GBP,49.92,BUY,BIRD,US01675A1097,0.55207590,0.00,89.89705882,Multiple,S8APWYMXHZ7J,MARKET,USD,60.92,0.67762400,1.22030746,1.22755000,59,0.29,,,,,,,,,,,,,,,,,,,,,,,
Allbirds,ORDER,2023-11-10T19:35:46.839Z,GBP,49.92,BUY,BIRD,US01675A1097,0.55162741,0.00,89.97014925,Multiple,3OUG9BYO9FJK,MARKET,USD,60.66,0.67425400,1.21511824,1.22232999,59,0.29,,,,,,,,,,,,,,,,,,,,,,,
Allbirds,ORDER,2023-11-09T19:53:26.370Z,GBP,90.86,BUY,BIRD,US01675A1097,0.60143105,0.00,150.19178082,Multiple,4W3QAO4FRWCM,MARKET,USD,110.36,0.73479400,1.21451186,1.22172001,59,0.53,,,,,,,,,,,,,,,,,,,,,,,
Qualcomm,ORDER,2023-11-06T15:05:25.231Z,GBP,292.55,BUY,QCOM,US7475251036,96.72802352,0.00,3.00667779,Multiple,AZ3M2Z3A6ZX6,BASIC,USD,360.19,119.79501100,1.23119285,1.23850000,59,1.72,,,,,,,,,,,,,,,,,,,,,,,
Allbirds,ORDER,2023-11-01T19:43:34.232Z,GBP,79.88,BUY,BIRD,US01675A1097,0.66263624,0.00,119.83950617,Multiple,C3SEKNY33X4C,MARKET,USD,96.50,0.80523400,1.20800049,1.21516999,59,0.47,,,,,,,,,,,,,,,,,,,,,,,
October Statement,MONTHLY_STATEMENT,2023-11-01T00:00:00.000Z,,,,,,,,,,,,,,,,,,,,,,,,,,,,,,,,,,,,,,,,,
Cloudflare,ORDER,2023-10-27T17:59:18.837Z,GBP,249.60,BUY,NET,US18915M1071,45.71347437,0.00,5.42815884,Multiple,IW94HJW7EA1Y,MARKET,USD,300.70,55.39539400,1.20466032,1.21181000,59,1.46,,,,,,,,,,,,,,,,,,,,,,,
Apple,ORDER,2023-10-26T15:34:49.146Z,GBP,798.76,BUY,AAPL,US0378331005,138.19790300,0.00,5.74589037,Multiple,B7LW9F21NXJD,MARKET,USD,961.23,167.28913000,1.20336799,1.21051000,59,4.69,,,,,,,,,,,,,,,,,,,,,,,
Cloudflare,ORDER,2023-10-25T17:36:06.505Z,GBP,141.96,BUY,NET,US18915M1071,47.04333333,0.00,3.00000000,"Jane Street Capital, LLC",RZ46QH76ASIA,LIMIT,USD,171.00,57.00000000,1.20449131,1.21163999,59,0.83,,,,,,,,,,,,,,,,,,,,,,,
Cloudflare,ORDER,2023-10-25T17:12:35.215Z,GBP,249.62,BUY,NET,US18915M1071,47.28114083,0.00,5.24860432,Multiple,8ESG6E4NLPLB,MARKET,USD,300.83,57.31523700,1.20510767,1.21226000,59,1.46,,,,,,,,,,,,,,,,,,,,,,,
Allbirds,ORDER,2023-10-25T17:11:44.913Z,GBP,72.89,BUY,BIRD,US01675A1097,0.71234111,0.00,101.72093023,Multiple,BD36CSGSHA7O,MARKET,USD,87.85,0.86367400,1.20515736,1.21230999,59,0.43,,,,,,,,,,,,,,,,,,,,,,,
Allbirds,ORDER,2023-10-23T18:54:20.622Z,GBP,149.78,BUY,BIRD,US01675A1097,0.72431679,0.00,205.57303370,Multiple,2Q8E9K81ZC50,MARKET,USD,182.49,0.88770600,1.21838884,1.22562000,59,0.88,,,,,,,,,,,,,,,,,,,,,,,
Cloudflare,ORDER,2023-10-23T13:32:18.496Z,GBP,96.00,BUY,NET,US18915M1071,47.72000000,0.00,2.00000000,NOT_YET_KNOWN,BRY2NK0ZM2LR,LIMIT,USD,116.00,58.00000000,1.20818939,1.21536001,59,0.56,,,,,,,,,,,,,,,,,,,,,,,
Interest,INTEREST_FROM_CASH,2023-10-16T00:00:00.000Z,GBP,1.64,,,,,,,,,,,,,,,,,,,,,,,,,,,,,,,,,,,,,,,
Allbirds,ORDER,2023-10-11T18:19:40.899Z,GBP,149.77,BUY,BIRD,US01675A1097,0.77094620,0.00,193.12631578,Multiple,JTS1ZIU1R51T,MARKET,USD,182.97,0.94740300,1.22167931,1.22893000,59,0.88,,,,,,,,,,,,,,,,,,,,,,,
Allbirds,ORDER,2023-10-09T17:26:28.083Z,GBP,149.77,BUY,BIRD,US01675A1097,0.77777136,0.00,191.43157894,Multiple,FRKSJ52TIN6L,MARKET,USD,181.69,0.94910200,1.21313004,1.22032999,59,0.88,,,,,,,,,,,,,,,,,,,,,,,
Allbirds,ORDER,2023-10-05T17:57:20.925Z,GBP,249.61,BUY,BIRD,US01675A1097,0.84547154,0.00,293.50485436,Multiple,6U74MOQOFB41,MARKET,USD,302.28,1.02990000,1.21093309,1.21812000,59,1.46,,,,,,,,,,,,,,,,,,,,,,,
Allbirds,ORDER,2023-10-04T16:31:15.413Z,GBP,314.48,BUY,BIRD,US01675A1097,0.85533119,0.00,365.51923076,Multiple,ICB4I024HP34,LIMIT_TRIGGERED,USD,380.10,1.03990000,1.20860690,1.21578000,59,1.84,,,,,,,,,,,,,,,,,,,,,,,
Cloudflare,ORDER,2023-10-03T18:11:30.444Z,GBP,499.25,BUY,NET,US18915M1071,48.54854171,0.00,10.22317010,Multiple,0ODZ5PN8TKPW,MARKET,USD,599.13,58.60510900,1.20001787,1.20714000,59,2.93,,,,,,,,,,,,,,,,,,,,,,,
September Statement,MONTHLY_STATEMENT,2023-10-01T00:00:00.000Z,,,,,,,,,,,,,,,,,,,,,,,,,,,,,,,,,,,,,,,,,
Apple,ORDER,2023-09-28T14:46:56.694Z,GBP,199.68,BUY,AAPL,US0378331005,139.27836826,0.00,1.42527517,Multiple,PRWYLYHWAIKH,MARKET,USD,242.14,169.88894800,1.21257336,1.21977000,59,1.17,,,,,,,,,,,,,,,,,,,,,,,
Apple,ORDER,2023-09-27T18:41:02.473Z,GBP,499.24,BUY,AAPL,US0378331005,140.44410060,0.00,3.53386150,Multiple,72FPCJJ8AD3K,MARKET,USD,602.17,170.39872700,1.20614153,1.21330000,59,2.93,,,,,,,,,,,,,,,,,,,,,,,
Cloudflare,ORDER,2023-09-26T16:46:28.041Z,GBP,299.55,BUY,NET,US18915M1071,46.58617433,0.00,6.39223985,Multiple,ZU940LRYQUDK,MARKET,USD,362.41,56.69530700,1.20979982,1.21698000,59,1.76,,,,,,,,,,,,,,,,,,,,,,,
Top up,TOP_UP,2023-09-26T16:08:24.542Z,GBP,1000.00,,,,,,,,,,,,,,,,,,,,,,,,,,,,,,,,,,,,,,,
Allbirds,ORDER,2023-09-25T18:41:59.553Z,GBP,299.57,BUY,BIRD,US01675A1097,0.91696825,0.00,324.77678571,Multiple,PKUVYJCTQJ36,MARKET,USD,363.72,1.11990000,1.21412415,1.22133000,59,1.76,,,,,,,,,,,,,,,,,,,,,,,
Cloudflare,ORDER,2023-09-25T18:41:20.721Z,GBP,998.46,BUY,NET,US18915M1071,47.17856479,0.00,21.03921568,Multiple,PRGJP3L2Z08T,MARKET,USD,1212.39,57.62500900,1.21422356,1.22143000,59,5.86,,,,,,,,,,,,,,,,,,,,,,,
Cloudflare,ORDER,2023-09-21T16:21:58.238Z,GBP,798.86,BUY,NET,US18915M1071,45.70862081,0.00,17.37462181,Multiple,CHDDP0H0ZSGY,MARKET,USD,976.20,56.18510800,1.22195766,1.22921000,59,4.69,,,,,,,,,,,,,,,,,,,,,,,
Cloudflare,ORDER,2023-09-21T13:31:36.979Z,GBP,415.14,BUY,NET,US18915M1071,47.63981054,0.00,8.66313269,Multiple,U9MNS72C0VMP,LIMIT_TRIGGERED,USD,506.62,58.48000000,1.22029752,1.22754001,59,2.43,,,,,,,,,,,,,,,,,,,,,,,
Allbirds,ORDER,2023-09-19T16:08:23.984Z,GBP,998.50,BUY,BIRD,US01675A1097,1.01723943,0.00,975.81746031,Multiple,5TAA85YEIIL2,MARKET,USD,1229.43,1.25990000,1.23123262,1.23854001,59,5.86,,,,,,,,,,,,,,,,,,,,,,,
Cloudflare,ORDER,2023-09-18T19:52:39.805Z,GBP,1497.72,BUY,NET,US18915M1071,49.82787709,0.00,29.88166639,Multiple,BA3V590YSRZ2,MARKET,USD,1843.26,61.68514800,1.23066598,1.23797000,59,8.78,,,,,,,,,,,,,,,,,,,,,,,
Interest,INTEREST_FROM_CASH,2023-09-15T00:00:00.000Z,GBP,1.69,,,,,,,,,,,,,,,,,,,,,,,,,,,,,,,,,,,,,,,
Apple,ORDER,2023-09-11T17:06:42.549Z,GBP,449.30,BUY,AAPL,US0378331005,142.78835590,0.00,3.12812622,Multiple,QXLE7106SQFM,MARKET,USD,559.09,178.72856100,1.24433485,1.25172000,59,2.64,,,,,,,,,,,,,,,,,,,,,,,
August Statement,MONTHLY_STATEMENT,2023-09-01T00:00:00.000Z,,,,,,,,,,,,,,,,,,,,,,,,,,,,,,,,,,,,,,,,,
Cloudflare,ORDER,2023-08-17T15:20:42.142Z,GBP,449.32,BUY,NET,US18915M1071,46.28694554,0.00,9.65023712,Multiple,WJ8JNSW7HAMV,MARKET,USD,569.71,59.03589600,1.26790496,1.27543000,59,2.64,,,,,,,,,,,,,,,,,,,,,,,
Apple,ORDER,2023-08-17T14:01:05.500Z,GBP,399.40,BUY,AAPL,US0378331005,137.60661112,0.00,2.88547183,Multiple,LHFQ2DKHUO1W,BASIC,USD,506.66,175.58847500,1.26850143,1.27603001,59,2.34,,,,,,,,,,,,,,,,,,,,,,,
Apple,DIVIDEND,2023-08-17T06:41:00.000Z,GBP,6.09,,AAPL,US0378331005,,,38.05785245,,,,USD,,,,0.78448600,0,0.00,2023-08-11,2023-08-17,38.05785245,0.24000000,9.13,7.76,15,1.37,,,,,,,,,,,,,,,
Cloudflare,ORDER,2023-08-16T15:35:15.338Z,GBP,1361.54,BUY,NET,US18915M1071,48.58503295,0.00,27.85940274,Multiple,5BRF2NL1AEN5,LIMIT_TRIGGERED,USD,1725.76,61.94515400,1.26746756,1.27499000,59,7.99,,,,,,,,,,,,,,,,,,,,,,,
Cloudflare,ORDER,2023-08-16T15:24:07.057Z,GBP,449.28,BUY,NET,US18915M1071,48.79036495,0.00,9.15426643,Multiple,VMORJ01GLTA0,MARKET,USD,569.63,62.22508400,1.26783539,1.27536001,59,2.64,,,,,,,,,,,,,,,,,,,,,,,
Interest,INTEREST_FROM_CASH,2023-08-15T00:00:00.000Z,GBP,1.69,,,,,,,,,,,,,,,,,,,,,,,,,,,,,,,,,,,,,,,
Apple,ORDER,2023-08-11T19:06:25.700Z,GBP,499.23,BUY,AAPL,US0378331005,140.31897809,0.00,3.53694138,Multiple,JD0BXJ60IJ3S,MARKET,USD,630.00,178.11872800,1.26191054,1.26940000,59,2.93,,,,,,,,,,,,,,,,,,,,,,,
Tesla,ORDER,2023-08-10T14:22:44.906Z,GBP,499.24,BUY,TSLA,US88160R1014,196.25056205,0.00,2.52896091,Multiple,W92LXMG4LG1H,MARKET,USD,633.53,250.51102800,1.26893883,1.27647000,59,2.93,,,,,,,,,,,,,,,,,,,,,,,
Apple,ORDER,2023-08-07T18:46:06.995Z,GBP,499.23,BUY,AAPL,US0378331005,139.75257290,0.00,3.55127630,Multiple,U41KRYSIRX1C,MARKET,USD,634.39,178.63628300,1.27068844,1.27823000,59,2.93,,,,,,,,,,,,,,,,,,,,,,,
Apple,ORDER,2023-08-03T14:04:06.797Z,GBP,399.23,BUY,AAPL,US0378331005,151.35435029,0.00,2.62225697,Multiple,B422XIZEUSBU,BASIC,USD,503.07,191.84664400,1.26006151,1.26754000,59,2.34,,,,,,,,,,,,,,,,,,,,,,,
Cloudflare,ORDER,2023-08-03T14:02:22.372Z,GBP,499.34,BUY,NET,US18915M1071,51.46498548,0.00,9.64558710,Multiple,V9URZNXU9CIR,BASIC,USD,628.37,65.14533500,1.25837153,1.26583999,59,2.93,,,,,,,,,,,,,,,,,,,,,,,
Top up,TOP_UP,2023-08-03T07:37:36.278Z,GBP,435.00,,,,,,,,,,,,,,,,,,,,,,,,,,,,,,,,,,,,,,,
July Statement,MONTHLY_STATEMENT,2023-08-01T00:00:00.000Z,,,,,,,,,,,,,,,,,,,,,,,,,,,,,,,,,,,,,,,,,
Apple,ORDER,2023-07-20T14:03:04.842Z,GBP,399.35,BUY,AAPL,US0378331005,151.68401194,0.00,2.61734902,Multiple,H3FJBDX9K94C,BASIC,USD,511.43,195.39885400,1.28059961,1.28819999,59,2.34,,,,,,,,,,,,,,,,,,,,,,,
Allbirds,ORDER,2023-07-19T16:01:06.568Z,GBP,413.89,SELL,BIRD,US01675A1097,1.33440335,0.00,312.01210585,Multiple,8LWCLYQXSMPV,MARKET,USD,537.13,1.72150000,1.29769147,1.29008000,59,2.46,,,,,,,,,,,,,,,,,,,,,,,
Cloudflare,ORDER,2023-07-18T18:55:44.080Z,GBP,1672.60,SELL,NET,US18915M1071,55.88034007,0.00,30.10951612,Multiple,OF50MPELNLPQ,MARKET,USD,2195.64,72.92149500,1.31265927,1.30496001,59,9.93,,,,,,,,,,,,,,,,,,,,,,,
Interest,INTEREST_FROM_CASH,2023-07-17T00:00:00.000Z,GBP,1.64,,,,,,,,,,,,,,,,,,,,,,,,,,,,,,,,,,,,,,,
Cloudflare,ORDER,2023-07-06T13:35:36.963Z,GBP,1473.03,BUY,NET,US18915M1071,48.63545446,0.00,30.10951612,Multiple,MO7X4Q17PHRZ,LIMIT_TRIGGERED,USD,1866.75,61.99850500,1.26723892,1.27476000,59,8.64,,,,,,,,,,,,,,,,,,,,,,,
June Statement,MONTHLY_STATEMENT,2023-07-01T00:00:00.000Z,,,,,,,,,,,,,,,,,,,,,,,,,,,,,,,,,,,,,,,,,
Tesla,ORDER,2023-06-28T16:24:04.223Z,GBP,410.39,BUY,TSLA,US88160R1014,203.90696704,0.00,2.00081442,Multiple,S7O72QG1W7EK,MARKET,USD,515.91,257.84850100,1.25708916,1.26455001,59,2.41,,,,,,,,,,,,,,,,,,,,,,,
Interest,INTEREST_FROM_CASH,2023-06-15T00:00:00.000Z,GBP,1.69,,,,,,,,,,,,,,,,,,,,,,,,,,,,,,,,,,,,,,,
Apple,ORDER,2023-06-02T18:58:23.169Z,GBP,1497.69,BUY,AAPL,US0378331005,145.07769008,0.00,10.26284606,Multiple,MZ2D887BHTBJ,MARKET,USD,1853.46,180.59853800,1.23749544,1.24484000,59,8.78,,,,,,,,,,,,,,,,,,,,,,,
May Statement,MONTHLY_STATEMENT,2023-06-01T00:00:00.000Z,,,,,,,,,,,,,,,,,,,,,,,,,,,,,,,,,,,,,,,,,
Cloudflare,ORDER,2023-05-26T15:22:06.732Z,GBP,4796.05,SELL,NET,US18915M1071,50.30901408,0.00,95.89752628,Multiple,K4DWFVMMAVE9,LIMIT_TRIGGERED,USD,5947.70,62.02148600,1.24008359,1.23281001,59,28.46,,,,,,,,,,,,,,,,,,,,,,,
Apple,ORDER,2023-05-23T15:48:15.561Z,GBP,1362.41,BUY,AAPL,US0378331005,138.92808065,0.00,9.74907300,Multiple,BNBW2FL8O28V,LIMIT_TRIGGERED,USD,1682.68,172.59861500,1.23503008,1.24236000,59,7.99,,,,,,,,,,,,,,,,,,,,,,,
Top up,TOP_UP,2023-05-23T07:27:40.856Z,GBP,5000.00,,,,,,,,,,,,,,,,,,,,,,,,,,,,,,,,,,,,,,,
Apple,DIVIDEND,2023-05-18T22:09:00.000Z,GBP,1.51,,AAPL,US0378331005,,,9.25505110,,,,USD,,,,0.80202753,0,0.00,2023-05-12,2023-05-18,9.25505110,0.24000000,2.22,1.89,15,0.33,,,,,,,,,,,,,,,
Interest,INTEREST_FROM_CASH,2023-05-16T00:00:00.000Z,GBP,1.43,,,,,,,,,,,,,,,,,,,,,,,,,,,,,,,,,,,,,,,
Cloudflare,ORDER,2023-05-02T14:29:08.334Z,GBP,998.51,BUY,NET,US18915M1071,35.38403541,0.00,28.05361199,Multiple,KGZPXODFW0L4,MARKET,USD,1234.88,44.01850300,1.23668028,1.24402000,59,5.86,,,,,,,,,,,,,,,,,,,,,,,
April Statement,MONTHLY_STATEMENT,2023-05-01T00:00:00.000Z,,,,,,,,,,,,,,,,,,,,,,,,,,,,,,,,,,,,,,,,,
Cloudflare,ORDER,2023-04-28T13:42:39.606Z,GBP,1996.97,BUY,NET,US18915M1071,34.51895675,0.00,57.51216685,Multiple,FP09YQX0RJCM,MARKET,USD,2481.56,43.14851300,1.24261506,1.24999000,59,11.71,,,,,,,,,,,,,,,,,,,,,,,
Allbirds,ORDER,2023-04-25T13:34:09.972Z,GBP,127.78,BUY,BIRD,US01675A1097,0.95848445,0.00,132.53214555,Multiple,JNY7GX5ZBFP1,LIMIT_TRIGGERED,USD,157.70,1.18990000,1.23415527,1.24148000,59,0.75,,,,,,,,,,,,,,,,,,,,,,,
Interest,INTEREST_FROM_CASH,2023-04-19T00:00:00.000Z,GBP,0.13,,,,,,,,,,,,,,,,,,,,,,,,,,,,,,,,,,,,,,,
Allbirds,ORDER,2023-04-17T19:14:39.139Z,GBP,102.84,BUY,BIRD,US01675A1097,1.00906435,0.00,101.32158590,Multiple,WRPJHBTT0JGF,MARKET,USD,126.50,1.24850000,1.22996017,1.23726000,59,0.60,,,,,,,,,,,,,,,,,,,,,,,
Top up,TOP_UP,2023-04-05T13:39:45.017Z,GBP,100.00,,,,,,,,,,,,,,,,,,,,,,,,,,,,,,,,,,,,,,,
Top up,TOP_UP,2023-04-05T11:12:09.207Z,GBP,10000.00,,,,,,,,,,,,,,,,,,,,,,,,,,,,,,,,,,,,,,,
March Statement,MONTHLY_STATEMENT,2023-04-01T00:00:00.000Z,,,,,,,,,,,,,,,,,,,,,,,,,,,,,,,,,,,,,,,,,
Interest,INTEREST_FROM_CASH,2023-03-15T00:00:00.000Z,GBP,0.04,,,,,,,,,,,,,,,,,,,,,,,,,,,,,,,,,,,,,,,
Allbirds,ORDER,2023-03-13T15:02:01.530Z,GBP,30.94,BUY,BIRD,US01675A1097,1.00256137,0.00,30.72131147,Multiple,QSHXGB3AIXM0,MARKET,USD,37.44,1.21853500,1.20983114,1.21529999,45,0.14,,,,,,,,,,,,,,,,,,,,,,,
Allbirds,ORDER,2023-03-10T15:28:47.443Z,GBP,35.85,BUY,BIRD,US01675A1097,1.32185185,0.00,27.00000000,NSDQ,XMRR60GTQA09,LIMIT,USD,43.20,1.60000000,1.20479392,1.21024000,45,0.16,,,,,,,,,,,,,,,,,,,,,,,
February Statement,MONTHLY_STATEMENT,2023-03-01T00:00:00.000Z,,,,,,,,,,,,,,,,,,,,,,,,,,,,,,,,,,,,,,,,,
Top up,TOP_UP,2023-02-22T16:58:10.871Z,GBP,200.00,,,,,,,,,,,,,,,,,,,,,,,,,,,,,,,,,,,,,,,
Apple,DIVIDEND,2023-02-16T01:47:00.000Z,GBP,1.50,,AAPL,US0378331005,,,9.25505110,,,,USD,,,,0.83718578,0,0.00,2023-02-10,2023-02-16,9.25505110,0.23000000,2.13,1.80,15,0.32,,,,,,,,,,,,,,,
Interest,INTEREST_FROM_CASH,2023-02-15T00:00:00.000Z,GBP,0.01,,,,,,,,,,,,,,,,,,,,,,,,,,,,,,,,,,,,,,,
January Statement,MONTHLY_STATEMENT,2023-02-01T00:00:00.000Z,,,,,,,,,,,,,,,,,,,,,,,,,,,,,,,,,,,,,,,,,
Apple,ORDER,2023-01-17T18:40:56.120Z,GBP,199.68,BUY,AAPL,US0378331005,111.11851317,0.00,1.78899082,Multiple,FD5MPOYUC8NG,MARKET,USD,243.75,136.24916200,1.22060246,1.22612000,45,0.89,,,,,,,,,,,,,,,,,,,,,,,
Top up,TOP_UP,2023-01-14T11:30:11.811Z,GBP,200.00,,,,,,,,,,,,,,,,,,,,,,,,,,,,,,,,,,,,,,,
Cloudflare,ORDER,2023-01-06T15:01:12.510Z,GBP,81.15,BUY,NET,US18915M1071,31.88547882,0.00,2.53375527,Multiple,8F254391X2DY,BASIC,USD,96.08,37.92000000,1.18380878,1.18916000,45,0.36,,,,,,,,,,,,,,,,,,,,,,,
Top up,TOP_UP,2023-01-06T12:46:26.015Z,GBP,80.00,,,,,,,,,,,,,,,,,,,,,,,,,,,,,,,,,,,,,,,
December Statement,MONTHLY_STATEMENT,2023-01-01T00:00:00.000Z,,,,,,,,,,,,,,,,,,,,,,,,,,,,,,,,,,,,,,,,,
November Statement,MONTHLY_STATEMENT,2022-12-01T00:00:00.000Z,,,,,,,,,,,,,,,,,,,,,,,,,,,,,,,,,,,,,,,,,
Apple,ORDER,2022-11-11T15:17:08.877Z,GBP,164.26,BUY,AAPL,US0378331005,125.43568707,0.00,1.30361625,Multiple,GBJZYV4B831K,MARKET,USD,192.14,147.38884900,1.16971250,1.17500000,45,0.74,,,,,,,,,,,,,,,,,,,,,,,
Cloudflare,ORDER,2022-11-11T15:16:09.341Z,GBP,86.87,BUY,NET,US18915M1071,42.60224209,0.00,2.02994011,Multiple,1LHRXQTA50VS,MARKET,USD,101.70,50.09852200,1.17067814,1.17597000,45,0.39,,,,,,,,,,,,,,,,,,,,,,,
Allbirds,ORDER,2022-11-11T15:14:57.531Z,GBP,49.91,BUY,BIRD,US01675A1097,2.43136698,0.00,20.43706293,Multiple,OAC3DS6MX6CG,MARKET,USD,58.42,2.85853200,1.17027994,1.17557000,45,0.22,,,,,,,,,,,,,,,,,,,,,,,
Top up,TOP_UP,2022-11-11T15:13:46.435Z,GBP,300.00,,,,,,,,,,,,,,,,,,,,,,,,,,,,,,,,,,,,,,,
Apple,DIVIDEND,2022-11-10T01:51:00.000Z,GBP,1.02,,AAPL,US0378331005,,,6.16244403,,,,USD,,,,0.84780400,0,0.00,2022-11-04,2022-11-10,6.16244403,0.23000000,1.42,1.20,15,0.22,,,,,,,,,,,,,,,
October Statement,MONTHLY_STATEMENT,2022-11-01T00:00:00.000Z,,,,,,,,,,,,,,,,,,,,,,,,,,,,,,,,,,,,,,,,,
September Statement,MONTHLY_STATEMENT,2022-10-01T00:00:00.000Z,,,,,,,,,,,,,,,,,,,,,,,,,,,,,,,,,,,,,,,,,
August Statement,MONTHLY_STATEMENT,2022-09-01T00:00:00.000Z,,,,,,,,,,,,,,,,,,,,,,,,,,,,,,,,,,,,,,,,,
Apple,DIVIDEND,2022-08-11T17:00:00.000Z,GBP,0.99,,AAPL,US0378331005,,,6.16244403,,,,USD,,,,0.82600000,0,0.00,2022-08-05,2022-08-11,6.16244403,0.23000000,1.42,1.20,15,0.22,,,,,,,,,,,,,,,
July Statement,MONTHLY_STATEMENT,2022-08-01T00:00:00.000Z,,,,,,,,,,,,,,,,,,,,,,,,,,,,,,,,,,,,,,,,,
Apple,ORDER,2022-07-27T16:33:20.467Z,GBP,200.96,BUY,AAPL,US0378331005,128.25147392,0.00,1.55990410,Multiple,CESLTRM7ZZQP,MARKET,USD,240.74,154.33000000,1.19789510,1.20330999,45,0.90,,,,,,,,,,,,,,,,,,,,,,,
Top up,TOP_UP,2022-07-27T13:16:36.472Z,GBP,200.00,,,,,,,,,,,,,,,,,,,,,,,,,,,,,,,,,,,,,,,
Cloudflare,ORDER,2022-07-25T13:37:52.336Z,GBP,140.76,BUY,NET,US18915M1071,41.31071843,0.00,3.39209787,Multiple,6WO4RWZF1UKS,MARKET,USD,169.13,49.86000000,1.20151872,1.20694999,45,0.63,,,,,,,,,,,,,,,,,,,,,,,
Apple,ORDER,2022-07-25T13:36:18.516Z,GBP,258.56,BUY,AAPL,US0378331005,127.84246979,0.00,2.01341542,Multiple,RMLGZHRQ4N3N,MARKET,USD,310.67,154.30000000,1.20148886,1.20692000,45,1.16,,,,,,,,,,,,,,,,,,,,,,,
Top up,TOP_UP,2022-07-25T13:33:38.457Z,GBP,250.00,,,,,,,,,,,,,,,,,,,,,,,,,,,,,,,,,,,,,,,
Top up,TOP_UP,2022-07-01T10:25:56.490Z,GBP,150.00,,,,,,,,,,,,,,,,,,,,,,,,,,,,,,,,,,,,,,,
June Statement,MONTHLY_STATEMENT,2022-07-01T00:00:00.000Z,,,,,,,,,,,,,,,,,,,,,,,,,,,,,,,,,,,,,,,,,
Apple,ORDER,2022-06-29T19:35:53.482Z,GBP,299.54,BUY,AAPL,US0378331005,115.17406708,0.00,2.58912451,Multiple,TNAY9J3MGA7M,MARKET,USD,361.39,139.58000000,1.20644645,1.21190000,45,1.34,,,,,,,,,,,,,,,,,,,,,,,
Top up,TOP_UP,2022-06-29T06:31:47.746Z,GBP,300.00,,,,,,,,,,,,,,,,,,,,,,,,,,,,,,,,,,,,,,,
May Statement,MONTHLY_STATEMENT,2022-06-01T00:00:00.000Z,,,,,,,,,,,,,,,,,,,,,,,,,,,,,,,,,,,,,,,,,
Cloudflare,ORDER,2022-05-24T15:01:02.174Z,GBP,99.86,BUY,NET,US18915M1071,41.84003228,0.00,2.37595419,Multiple,YP9F5G8HY85W,MARKET,USD,124.50,52.40000000,1.24679407,1.25243000,45,0.45,,,,,,,,,,,,,,,,,,,,,,,
Top up,TOP_UP,2022-05-15T16:20:55.660Z,GBP,100.00,,,,,,,,,,,,,,,,,,,,,,,,,,,,,,,,,,,,,,,
